date,GrossDomesticProduct_1,Industry_proxy,Construction_proxy,Domestic_consumption_by_households_VolumeChangesShoppingdayAdjusted_3,NL_Consumer_confidence,NL_Industrial_confidence,NL_Economic_sentiment_confidence,BusinessLeadIndicator_NLD,ConsumLeadIndicator_NLD,IndustProd_Europe_ImprtWeighted,Exports_Europe,Imports_Europe,CPI_1,MaandmutatieCPI_3,"Crude oil, Brent",ecb_3M_Yield,ecb_10Y_Yield,^AEX,Employment_allGenders_15 to 74 years_SeasonallyAdjusted_8_UnemplyRate,Bankruptcies
2005-02-01,,-0.3289552613354354,0.9141008542342228,-0.04966406108868106,-0.2592321747342613,-0.3340035560546985,-0.42291471033593075,-0.2831481999485801,-0.22666766731913598,-0.6261007601617867,-2.178308465631109,-0.6960453965911958,0.6859023112710125,0.6490829592507581,-1.289252777443944,-0.18626392800431085,-0.40741021134725314,0.9008337297328863,1.6586814913996766,0.29586477381844223
2005-03-01,,-0.4520878612843768,0.6759818830124408,-0.01952810169020956,0.1715794703056084,-0.464609743250227,-0.3619818445685784,-0.35245297616015486,-0.14321498778410496,-0.6027613566362849,-2.139653232423918,-0.6960453965911958,1.171792416030574,1.1301454280655425,-0.9740149276997565,0.03753211326958158,1.0981309928839074,0.034566259655411886,-0.6885092983168505,0.8752264360275337
2005-04-01,0.7640611364619215,-0.2952320942475369,0.2625262973910583,-0.2907517362764531,-0.36402419650071616,-0.2759563617455746,-0.33151541168490295,-0.4105088340870504,-0.11218865159067065,-0.3226885143302891,-1.3858761848837031,-0.015161384876246296,-0.02565074610065892,0.007666334164379062,-1.0254000471723337,-0.12256455296455532,-1.2172582714317983,-0.7149089026794927,0.09388763158866086,-0.9720358010119139
2005-05-01,,-0.5265307399231914,-0.2112084636707654,-0.20034385808103858,-0.468816218267171,-0.5371687361366317,-0.41275923270803794,-0.436409945086616,-0.2333138351247806,-0.6027613566362849,-1.4245314180908941,-0.10972860872554499,-0.4031599498860954,-0.4733961346504053,-1.1590503089597273,-0.05579200054473532,-0.4710555668682793,-0.272475808888455,0.8762845614941721,0.09522782375966268
2005-06-01,,-0.519272157337531,0.7628895385178005,0.191423614099091,-0.07293524714945279,-0.5226569375593508,-0.30104897880122755,-0.47707764458023,-0.3301649930001942,-0.3927067249067881,-1.2119276354513477,-0.24212272211456368,-0.8381317948403996,-0.7941044471935947,-0.9228065763015431,0.021771935560892717,-1.5272089911841489,0.991346033728055,-1.4709062282223546,0.46298004884663707
2005-07-01,-1.052291165919325,-0.2594062927552465,-0.7073240921579025,0.10101573590367648,-0.5852517980076763,-0.23242096601373177,-0.169027769638633,-0.42670536982067064,-0.36605756508081105,-0.3226885143302891,-1.3858761848837031,-0.48799750412273973,-0.5551692833740761,-0.6337502909220001,-0.7857641804914561,0.09002725890725913,0.2065241416421117,0.7603954013269905,0.09388763158866086,-0.5352473151913761
2005-08-01,,-0.03413072624641656,-1.404212615180423,0.251695532896034,-0.5619646820595752,-0.00023218877723650192,-0.09793942624338935,-0.2555025533167167,-0.45450711770804475,-0.6027613566362849,-1.2312552520549418,-0.22320927734470233,0.42907836044871617,0.4887288029791633,-0.5130826554312498,0.14097086475764256,0.08186404821612203,-0.04924968962631775,-0.6885092983168435,-0.08638092895533939
2005-09-01,,0.17100588135845732,1.8787708330828825,0.311967451692977,-0.18937082688995813,0.20293299130469683,0.06454821580288207,-0.04530030909867186,-0.41770825001756934,-0.29934911080478727,-0.9413410030010134,0.1172327285127724,1.1381667987187203,1.1301454280655425,-0.5594937932410496,-0.15929955607084706,-1.053388841133646,0.06985316172853476,0.09388763158866086,0.21327606957797768
2005-10-01,1.375991051836969,0.19550074934459946,-0.12583941037323954,0.16128765470061948,0.09007456448725473,0.20293299130469683,0.2981242012443957,0.13916288480697037,-0.2230424848796903,-0.3226885143302891,-1.1152895524333715,0.022665504663473716,-0.43983080897513194,-0.4733961346504053,-0.7462769121805285,0.07885387087178396,0.5496297669139755,-0.17666593181950818,0.09388763158866086,-0.23629866717874354
2005-11-01,,0.35328061217626544,0.233253506366903,0.34210341109144854,0.2530843761239622,0.3625627756547874,0.5113892314301253,0.2787257353898436,0.015860303809768952,0.09742074912871114,-0.8447029199830374,0.4198478448305271,-0.7212570894521635,-0.7941044471935947,-0.8713697861612235,1.2080164511640163,1.9100454092961678,0.7769735878655478,-0.6885092983168505,0.8865116039812423
2005-12-01,,0.6512825177379047,0.6322739878637467,0.07087977650520494,0.34623283991636644,0.6818223443549682,0.7652761721274229,0.4256289818025535,0.2143717016705737,-0.019276268498788194,-0.2262191886679896,1.0629049670057593,-1.1746263245368913,-1.1148127597367845,-0.8205897574049296,0.7529357646351353,-0.7486776389078177,1.1363408919826083,0.09388763158866086,-1.1597027996863318
2006-01-01,-0.4073611011051187,0.5429607681991893,-3.0083776071922834,-0.23047981747951013,0.4160941877606697,0.5367043585821587,0.7652761721274229,0.5631899062500179,0.36435954268990084,0.050741942077710746,-0.4388229713075387,0.49550162390996716,-0.8760064020642382,-0.9544586034651895,-0.5346809946134233,0.13529243427554152,-0.08450915972787325,0.2835809158035229,-2.253303158127859,0.6086569936198721
2006-02-01,,0.652320543151273,1.0957421638268803,-0.3510236550733961,0.6955395791378824,0.6527987472004064,0.8871419036621262,0.6241056586560708,0.5028349800163892,0.14409955617970824,-0.32285727168596573,0.7981167402277219,0.31496583472571604,0.3283746467075686,-0.6875984326085496,0.6068700364027431,0.8701917154933112,0.7464801343470916,0.09388763158866086,-0.019782119254267948
2006-03-01,,0.7992897510681239,0.9146631280471368,-0.32088769567492464,0.8352622748264888,0.8124285315504969,1.0394740680805048,0.6822568463989414,0.6570685301990304,0.3308147843837098,-0.2648744218751806,0.7602898506880019,0.950243801680787,0.9697912717939476,-0.5900151956358014,0.7139863845804169,1.1186669535768723,0.11362681446639267,-1.4709062282223546,0.5123353740431067
2006-04-01,0.6404578997206803,0.6172555383339015,-0.3540762702932585,-0.10993597988562409,0.683896021163832,0.5947515528912826,0.8363645155226667,0.7413613323015221,0.7779895931002937,0.30747538085820797,0.14100552680031803,1.1007318565454793,0.41954037158371166,0.4887288029791633,-0.24705371693535746,0.08620731523036741,0.9345843459813225,0.21738316511001785,-0.6885092983168435,-0.805151083186452
2006-05-01,,0.9411701026901815,0.44945399897467986,-0.01952810169020956,1.07977699228155,0.9575465173233064,1.2324281430104516,0.7974152640929952,0.8605359770254661,0.5408694161132066,0.06369506038593876,1.0629049670057593,-0.1598241572805696,-0.1526878221072157,-0.2577262146677563,0.6385208700711377,1.2852674435300404,-0.9548620011393175,0.09388763158866086,0.40532369895460474
2006-06-01,,1.087215214812208,0.2789104400657349,-0.2606157768779816,0.9982720864631963,1.102664503096116,1.323827441661478,0.9439371912418185,0.977537923775977,0.6108876266897056,0.1216779101967239,1.2520394147043568,-0.8869725836811856,-0.9544586034651895,-0.313408158102264,0.7088378901942549,0.05268572724572423,-1.2964115294158354,-1.4709062282223546,-0.8007121778726579
2006-07-01,-1.1122059278787462,1.132065507977533,-0.7236710553323094,-0.5318394114642252,0.9982720864631963,1.1316881002506778,1.4964705613356408,1.0910310972864785,1.042203340263351,0.49419060906220624,0.025039827178747774,1.043991522235898,-0.6080408546283711,-0.6337502909220001,-0.10235523580019869,0.3461658948769936,0.06870383599886395,0.6071823855326322,0.09388763158866086,0.1208105491215444
2006-08-01,,1.2723002095540092,-1.158842379280307,-0.04966406108868106,1.2311432459442073,1.2768060860234876,1.59802533761456,1.193796638904193,1.0966627251081449,0.5175300125877081,0.14100552680031803,1.1007318565454793,0.531303458715702,0.4887288029791633,-0.11428985945054813,1.2629282626856153,-0.7612288785271686,0.8011845217412403,-0.6885092983168435,0.04732109252900976
2006-09-01,,1.2296778733734706,1.7801611078530766,-0.32088769567492464,1.184569014048005,1.2187588917143637,1.5878698599866685,1.2541404124144089,1.1639408856960245,0.5408694161132066,0.7401616415117717,1.441173862402954,0.30448437082377094,0.3283746467075686,-0.5682850588079525,0.8684504492801005,-0.8781360951753343,0.5427479517125683,0.09388763158866086,0.03999521344103905
2006-10-01,1.4543390772295022,1.115001382889511,-0.011181768997742975,-0.4414315332688106,1.033202760385348,1.0881527045188348,1.526936994219316,1.2485159532720693,1.1936608498392118,0.5175300125877081,0.9720930407549149,1.7816158682604288,-0.7174360519838501,-0.7941044471935947,-0.7522199454918166,0.23683546760985785,-0.04532201261319154,0.6301825107845673,0.09388763158866086,-0.15660340239712858
2006-11-01,,1.2500206397061486,0.23427170416782817,-0.4414315332688106,1.382509499606864,1.2477824888689255,1.7605129796608299,1.2166757947374518,1.2330969561061311,0.7742634513682053,0.952765424151318,1.8005293130302875,-0.5693930449500535,-0.6337502909220001,-0.7478986459501201,1.0452028954088897,-0.23553241534902958,-0.06586606085882034,0.09388763158866086,0.011010135955532623
2006-12-01,,1.071670151304724,0.5353795592836492,-0.3510236550733961,1.487301521373319,1.044617308786992,1.7097355915213703,1.208191441115955,1.3498539580972235,1.1476939077762052,1.3586453728268193,2.2544519875069224,-0.8873089322360002,-0.9544586034651895,-0.5874314506540482,0.6862179968466767,0.42841749005319346,-0.1975379504775349,-0.6885092983168505,-0.3188498550413767
2007-01-01,-0.32872574794355286,1.2196647257884383,-2.821005129843929,-0.1400719392840956,1.4407272894771168,1.2187588917143637,1.8722232335676416,1.1787345279806327,1.4372992372108335,1.0309968901487059,0.7981444913225567,1.61139486533169,-0.12198828353884925,-0.1526878221072157,-0.9231301978532438,0.684729840011656,1.5645517209064725,0.534145831257614,-0.6885092983168435,0.971792847010865
2007-02-01,,1.1164444913910212,1.13418384404195,0.251695532896034,1.2893610358144598,1.102664503096116,1.7503575020329385,1.1640537363209593,1.4557517424206121,1.1243545042507033,0.7594892581153657,2.065317539808325,0.4177635567360319,0.4887288029791633,-0.778311457174432,0.500192446225535,0.22426595062766677,0.13161035112102032,0.09388763158866086,-0.9826400585118782
2007-03-01,,0.9179284605079817,0.9075539041897221,0.22155957349756247,1.5338757532695209,0.8849875244369017,1.7300465467771544,1.0990388018281136,1.4524858122949833,1.2643909254037045,0.7208340249081747,1.64922175487141,1.429028111642718,1.450853740608732,-0.5945972133071801,0.5958486088119517,-0.5826231491507364,-0.6585654603499592,-1.4709062282223546,0.26041100053724425
2007-04-01,0.43749195900362575,0.9950588122596948,-0.4469384289499109,0.07087977650520494,1.3708659416328135,0.9865701144778684,1.7402020244050471,1.012574658741595,1.4955960899532366,0.937639276046705,0.8174721079261509,1.8005293130302875,0.4616176410020825,0.4887288029791633,-0.37452453898549415,0.30517754918906587,0.6966811230318477,1.348417876049907,-1.4709062282223546,-0.3202798913134432
2007-05-01,,0.8758631135736401,0.2507245470899001,-0.0798000204871526,1.5804499851657232,0.8559639272823397,1.5878698599866685,0.9729174552972787,1.5219684757176632,1.381087943031204,0.8367997245297477,1.9329234264193063,-0.19906267958168025,-0.1526878221072157,-0.37127185706143795,0.7924456771979619,1.4992887914535933,0.25143668663539814,0.09388763158866086,0.6321496450722848
2007-06-01,,0.9992742081456818,0.4666808494451277,0.251695532896034,1.464014405425218,1.0010819130551492,1.6792691586376949,0.9489896714883348,1.5449932831033177,1.4977849606587033,0.7788168747189627,1.8194427578001489,-0.9685236876635386,-0.9544586034651895,-0.21044664703588156,0.45477572672285443,1.8302382266689756,0.2621285634935947,-0.6885092983168435,-0.8196370756792676
2007-07-01,-1.0477210697896897,0.9621711290410919,-0.7483426470743579,0.553055126880749,1.487301521373319,0.9575465173233064,1.516781516591425,0.955567428790398,1.4608955823684682,1.4277667500822009,0.8561273411333419,1.8005293130302875,-1.0634686047821182,-1.1148127597367845,0.036141190734721405,0.21470283130762566,-0.09911818788528616,0.18331891965088962,0.8762845614941652,0.41878611506729946
2007-08-01,,0.7831370629284249,-1.0352403532150425,0.16128765470061948,0.47431197763092237,0.754381337241373,1.1105624114757484,0.9419352651064097,1.2404452988887875,1.5444637677097004,1.2426796732052463,2.027490650268605,-0.03232284642651993,0.007666334164379062,-0.2322106003650805,0.2238070357291329,-1.2031629260776178,-1.6065570109599379,-0.6885092983168435,-0.2727144421347617
2007-09-01,,1.0101354984465145,1.443826657811151,0.432511289286863,0.7188266950859835,1.01559371163243,1.2730500535220184,0.9354528376203215,0.8940934090662627,1.5444637677097004,1.3779729894304136,1.9518368711891676,0.6277308487971603,0.6490829592507581,0.03291258984363753,-0.2548307616312652,-0.09802337615219017,0.6468709721732241,0.09388763158866086,0.1254276994329721
2007-10-01,1.4462477509615908,1.0833036312423276,0.2573347219756861,0.6735989644746351,0.6489653472416804,1.0881527045188348,1.262894575894127,1.0098100940784125,0.7159369207134251,1.7311789959137018,1.3006625230160316,2.0464040950384663,-0.23559977623113942,-0.3130419783788105,0.272922085508089,-0.6002269342875727,0.1635011920514689,0.601053899166758,-0.6885092983168505,0.7549161616318568
2007-11-01,,1.0422763097213525,0.10825153424442546,0.4023753298883915,0.5092426515530739,1.0301055102097112,1.2222726653825589,1.0821654244010948,0.6042421104170453,1.6611607853371997,1.3393177562232226,1.9707503159590263,-0.07107521108350781,-0.1526878221072157,0.6779208006544324,0.3472617457228371,-0.9345125777188118,-1.7242931348774777,0.09388763158866086,-0.91731284265492
2007-12-01,,1.1217358892298874,0.3272359113980397,0.6735989644746351,0.31130216599421484,1.1171763016733969,1.2527390982662343,1.1085717834253095,0.4778506145553643,1.7311789959137018,1.2233520566016522,2.1220578741179037,-0.986422901281846,-0.9544586034651895,0.6327660759272626,-0.2221750547511737,0.4239539369238386,-0.012157612342843046,-0.6885092983168435,-1.3998785771740134
2008-01-01,-0.4892478237362883,1.0300984993840567,-2.3206292706399343,0.010607857708261939,0.06678744853915365,1.01559371163243,1.1105624114757484,1.0857879574080256,0.3284343113080173,2.0345912417451997,1.745197704898724,2.386846100895941,0.1310251943605428,0.1680204904359738,0.6524689174501326,-0.09648583503051365,-0.6906728411981539,-2.09306071807694,0.09388763158866086,2.1184277110707836
2008-02-01,,0.7609334461595917,1.179284118019509,0.251695532896034,0.2530843761239622,0.7253577400868112,0.9277638141736944,0.9653863998355053,0.19183678380375607,2.057930645270698,1.6485596218807477,2.1977116531973437,0.7673720994820541,0.8094371155223528,0.7737635440892074,0.05709284014681204,-0.36338874035311036,-0.9746355696811132,-2.253303158127859,-1.676874350546772
2008-03-01,,0.5066678552708834,0.39821535549227016,-0.23047981747951013,-0.17772726891590765,0.464145365695754,0.5012337538022339,0.7665284037181014,0.0824036301193817,1.8478760135412013,1.2813349064124373,1.989663760728885,1.2650490259871268,1.2904995843371372,1.1281069337541196,0.09800353187538823,-0.11385281084865807,-0.6508090554719017,0.09388763158866086,-0.5663968884992225
2008-04-01,0.48667683112966753,0.4200813451803349,0.134171684559566,0.16128765470061948,-0.2825192906823625,0.3915863728093492,0.521544709058018,0.591121542329793,-0.10865328222967334,2.3380034875766973,1.5712491554663657,1.8950965368795862,0.28414491767988165,0.3283746467075686,1.4175102654009273,0.26637238643006494,1.2117034573056809,1.2963345984345966,0.8762845614941652,1.3210647081725087
2008-05-01,,0.537720005746339,-0.20269528921976138,0.311967451692977,-0.2708757327083118,0.5367043585821587,0.48092279854644976,0.5237233624376519,-0.31321481564819265,1.381087943031204,1.0107482739621032,1.7627024234905702,0.2640899841251344,0.3283746467075686,1.993301899897047,-0.050086319441082335,0.872792236846967,0.8479290358293544,0.09388763158866086,-1.8392040680710946
2008-06-01,,0.5141998689410407,0.5060115860113205,-0.2606157768779816,-1.2372910445545062,0.5076807614275969,0.09501464868655751,0.5372601963056651,-0.5365881065903189,1.4744455571332014,1.0880587403764852,1.4222604176330926,-0.59502562851762,-0.6337502909220001,2.3749323879796527,0.6708583620968914,0.9993039564387379,-1.4315781980917859,0.09388763158866086,1.543666156730478
2008-07-01,-1.1121485510333975,0.368142097972511,-0.7132098966040442,-0.3510236550733961,-0.6201824719298279,0.3480509770775063,0.003615350035529753,0.48597275531278306,-0.7603614739728218,1.357748539505702,0.9334378075477239,1.61139486533169,-0.05837023060638231,0.007666334164379062,2.4094616369627606,1.5723558903510304,0.736878469418853,-2.8677224123843192,-0.6885092983168435,0.3058959472880768
2008-08-01,,-0.09479191869581935,-1.0517123592308866,-0.20034385808103858,-0.3523806385266657,-0.14535017455004604,-0.3619818445685784,0.2409751282649747,-0.7070941536238766,1.1243545042507033,0.9720930407549149,1.3466066385536555,-0.005226375550529356,0.007666334164379062,1.5708479581614492,0.27997138271739164,-1.6409133754745415,0.25126714925251864,0.09388763158866086,-0.6749854679129946
2008-09-01,,-0.9878355630463961,1.6067927510853968,-0.3510236550733961,-0.66675670382603,-1.088617082073308,-1.3572186521019853,-0.2878193609311961,-0.606870922893764,1.0309968901487059,0.7401616415117717,1.403346972863234,0.3855011296888091,0.3283746467075686,0.9516475236110766,-0.47878753668638313,-0.12986533022768032,-1.6033358715821917,0.8762845614941652,0.7657218833397872
2008-10-01,0.7848906212923416,-1.6362507963521156,0.15730127127122207,-0.41129557387033916,-0.6551131458519796,-1.7126244208963888,-1.6618829809387425,-1.0716497067970199,-0.6182853486828261,0.5408694161132066,0.27629884302548513,1.081818411775618,-0.6823182917586823,-0.6337502909220001,-0.14651958635273982,-6.76830382187021,-0.6804756435427363,-6.915320733668465,-0.6885092983168435,-0.2566164648545104
2008-11-01,,-2.9419082766311178,-0.27308758847419695,-0.6825192084565828,-0.6784002618000805,-3.076733487160799,-2.646964310844258,-1.9431453514306103,-0.6540717780343615,-0.3927067249067881,-0.8447029199830374,0.19288650759220974,-0.8975064392652172,-0.9544586034651895,-0.9674435065463267,-3.0285764567943914,-0.607035573194979,-1.9032963658388304,0.09388763158866086,1.065064814968889
2008-12-01,,-3.066356130731875,0.5053451946669609,-0.5318394114642252,-0.66675670382603,-3.0912452857380797,-2.7789855200068527,-2.7849934232969287,-0.6919810619675537,-1.2095858482992834,-1.5791523509196552,-0.6960453965911958,-1.4747078198098271,-1.4355210722799738,-1.4557731986408333,-5.609020226091985,-2.880883452554991,-0.800111232131854,0.8762845614941652,-0.10653873654601567
2009-01-01,-1.6229422478685642,-3.565437483593709,-2.4253910427133762,-0.3510236550733961,-0.6318260299038786,-3.5846464373656324,-3.1648936698667463,-3.302205339852521,-0.7269673384383121,-2.026464971691779,-2.5841884143066074,-1.5282369664650253,0.10468867925822659,0.1680204904359738,-1.3184434413970465,-3.4208068744766114,0.721723357466061,0.4888154663822933,0.09388763158866086,0.9040745977387458
2009-02-01,,-3.5146666479182453,0.9034352645489928,-0.7729270866519972,-1.0277070010215965,-3.483063847324665,-3.114116281727287,-3.587174758737344,-0.7572343458775412,-2.4465742351507758,-2.77746458034256,-1.6417176350841827,0.8184120501128229,0.8094371155223528,-1.3861850467688446,-1.351569400777323,0.2937676293761752,-1.0008639448413148,0.8762845614941721,-0.14445250857899533
2009-03-01,,-3.417412527878383,0.8279056642391096,-1.0742866806367122,-0.5037468921893224,-3.3669694587064183,-3.063338893587827,-3.617422909345227,-0.737222359032769,-2.7733258845077753,-3.009395979585703,-1.9821596409416602,1.2878926567893951,1.2904995843371372,-1.2355582510672243,-1.9299665731034772,0.1173312537664278,-2.898245377939172,0.8762845614941652,1.6329336942098553
2009-04-01,-0.020001042951992166,-3.1459106515891913,-0.23330960560786285,-1.1948305182305983,0.02021321664295157,-3.076733487160799,-2.667275266100042,-3.479423467744288,-0.5116364004305374,-3.0300593232882727,-2.8354474301533448,-1.9632461961717989,0.043853183107697376,0.007666334164379062,-1.0677790598798904,-1.022262434140156,-0.2142907025452649,2.0569385319012343,1.6586814913996766,-0.46501765025530023
2009-05-01,,-2.948721267819822,-0.17297283822481768,-1.3153743558244841,-0.10786592107160448,-2.8880801056561465,-2.3321445043796096,-3.233739466021494,-0.24109491364908045,-2.4699136386762746,-2.8161198135497507,-2.114553754330676,-0.09758947330019986,-0.1526878221072157,-0.7706074512408816,-0.28129068327797324,0.8452081568280466,1.9775372196703602,0.09388763158866086,-1.1680545721286042
2009-06-01,,-2.6429683505434984,0.3781618554449191,-1.0742866806367122,-0.14279659499375597,-2.5833323355332465,-2.200123295217015,-2.933135957317274,-0.09078864444250823,-2.3998954280997755,-2.680826497324584,-1.9443327514019402,-0.8727366278123085,-0.9544586034651895,-0.3234975358870581,0.14398516501357628,0.9980011761390299,0.055463797641725744,0.8762845614941652,1.6013481286567173
2009-07-01,-1.1929755942101277,-2.0376311718924773,-0.3656093307507543,-0.6523832490581112,0.32294572396826543,-1.9448131981328842,-1.448617950753013,-2.5690427911757685,0.03592127960641782,-2.2831984104722762,-2.3136017818562733,-1.8119386380129214,-2.0125564130283564,-2.076937697366353,-0.47874069783936485,-1.8767822351970143,-1.320103114995415,0.21456059506598113,1.6586814913996766,-0.5361223497205581
2009-08-01,,-1.8463914459802067,-1.5725901935601572,-1.1646945588321267,0.4626684196568718,-1.7851834137827935,-1.2353529205672835,-2.17750417101595,0.2160046667333824,-2.1898407963702784,-2.4488950980814406,-1.7173714141636227,0.13660180807588104,0.1680204904359738,-0.16066875728603106,-0.1428184680936619,-0.594434716138278,2.0484148203435684,0.8762845614941652,-0.8928316508844251
2009-09-01,,-1.8207395594235543,1.692647007133612,-1.0140147618397692,0.1715794703056084,-1.7996952123600747,-1.4892398612645812,-1.8889980159585573,0.34411077591102696,-1.863089147013279,-2.120325615820321,-1.2823621844568494,0.5429414856278499,0.4887288029791633,-0.3624463414485862,-0.47269421141412654,-0.6026630885677101,1.001948660865996,0.8762845614941721,0.8488205676193218
2009-10-01,1.0578027070811618,-1.3221430403828425,0.11648346673356222,-0.9236068836443547,0.6256782312935792,-1.2627586650006792,-0.8596002483352826,-1.6614266792704178,0.4300863864681035,-1.8864285505387777,-1.9657046829915599,-0.9986605129089532,-0.1673021052948995,-0.1526878221072157,-0.13179935797681516,0.41148008024803034,-0.23621786197163583,0.5570401930888897,0.8762845614941652,-0.4182580569600622
2009-11-01,,-1.1487029185405029,-0.194190637099086,-0.9838788024412978,0.7770444849562362,-1.103128880650589,-0.5854023523822007,-1.4039313133487081,0.6136316595282154,-1.7697315329112784,-1.8883942165771805,-1.0743142919883906,-0.4680455657720183,-0.4733961346504053,0.029129390450524983,0.001028263248477978,-0.016873871334351403,-0.24328498461567055,0.8762845614941721,0.2412886064184891
2009-12-01,,-1.149534604755846,0.28409250779582634,-0.5318394114642252,0.9866285284891458,-1.1321524778051508,-0.45338114321960615,-1.2195348503142405,0.7803573924413691,-1.7930709364367803,-1.7144456671448225,-0.9986605129089532,-1.2496805377146758,-1.275166916008379,-0.07000667818542249,-0.5597601577987533,-0.3375094475058351,0.781662062581552,1.6586814913996697,-0.19810803693461557
2010-01-01,-1.0121929068042144,-1.0082352941883423,-2.640756228420869,-0.7427911272535258,0.6722524631897815,-0.9870344920323413,-0.5041585313590657,-1.1087520711732906,0.8435531403722212,-1.4896586906052827,-1.8110837501627985,-0.9608336233692332,-0.3622457322027995,-0.3130419783788105,0.0013347410335385664,-0.4943390145610595,0.35973088258820146,0.6045885820570728,0.8762845614941721,-0.28706551067349906
2010-02-01,,-0.8657992192047405,0.6786080540966694,-0.8030630460504687,0.6489653472416804,-0.8419165062595318,-0.37213732219647117,-0.9894086745580557,0.7204275746361576,-1.58301630470728,-1.7144456671448225,-1.131054626297972,0.8269911645572929,0.8094371155223528,-0.08498083774313914,0.06752677359485675,-0.706304233448362,-1.049193225652128,0.09388763158866086,0.16363187761823375
2010-03-01,,-0.7063597815963375,1.2102531544915607,-0.38115961447186764,-0.0612916891754023,-0.6822867219094413,-0.3619818445685784,-0.8373480851012678,0.49597652675258114,-1.1862464447737817,-1.0766343192261805,-0.48799750412273973,1.5898104449123023,1.6112078968803265,0.12286266211749605,-0.11504561995197063,-0.4120699397331225,1.0594422063212683,0.09388763158866086,1.1033014927289648
2010-04-01,0.9096079800103455,-0.40379689363913956,-0.03261601279294461,-0.17020789868256708,0.12500523840940633,-0.3630271532092603,0.0543927381749893,-0.656097505993869,0.22367960252860053,-1.1629070412482831,-1.0959619358297747,-0.6771319518213371,0.23202806731038886,0.1680204904359738,0.3617398252455999,0.13005367378463073,-0.2106141155033067,0.7573236349974078,-0.6885092983168505,-1.2857674216924069
2010-05-01,,-0.36765335509958696,-0.27965105612488217,-0.17020789868256708,0.1715794703056084,-0.3485153546319794,0.08485917105866474,-0.4792416314027883,0.12605278624836008,-0.6261007601617867,-0.728737220361467,-0.07190171918582497,-0.37850930537904104,-0.3130419783788105,-0.0037766664757369673,-0.2045641494466947,-0.8672944036754066,-1.8370983487261965,0.09388763158866086,-1.3268889476940289
2010-06-01,,-0.3807299435387011,0.6616935622980942,-0.0798000204871526,0.12500523840940633,-0.37753895178654134,0.003615350035529753,-0.3870576993579547,0.13941860528747602,-0.7661371813147847,-0.612771520739894,0.04157894943333238,-1.0773643342819568,-1.1148127597367845,-0.06294411373636005,-0.3690980061040972,-1.6599248552048336,0.08366866659103595,0.8762845614941721,2.636046713202728
2010-07-01,-1.2023220899386045,-0.3257272554767955,-0.3882175753608811,-0.2907517362764531,0.4510248616828213,-0.3194917574774175,0.034081782919205196,-0.35416891284765195,0.20196116719319304,-0.882834198942284,-0.5354610543255148,-0.185382387804985,-0.7646987369323098,-0.7941044471935947,-0.06724637671638924,1.403577251018662,-0.49446789442693445,-0.20572615297069707,0.09388763158866086,-1.554049130289205
2010-08-01,,-0.3093846846395304,-1.652753219890401,0.07087977650520494,0.2065101442277601,-0.30497995890013657,-0.07762847098760524,-0.32642793639982703,0.2884266672691179,-0.6261007601617867,-0.5354610543255148,-0.24212272211456368,-0.06319245297508891,0.007666334164379062,0.014744095206257963,0.005991388484639329,-0.9555623896494376,-0.1204455747232247,-0.6885092983168505,0.46583987253919185
2010-09-01,,-0.17720100943989384,1.6410829851467743,0.22155957349756247,0.3345892819423159,-0.159861973127327,0.09501464868655751,-0.2842921577402403,0.29993907096194516,-0.6727795672127872,-0.3615125048931567,-0.22320927734470233,0.6873823888028464,0.6490829592507581,0.060546063036829335,-0.07715078762176279,-1.1069768329893819,0.493359388282957,-0.6885092983168435,-0.6415146769887096
2010-10-01,1.1397898107807563,-0.19269543756136034,0.1440401350334892,-0.01952810169020956,0.4160941877606697,-0.18888557028188893,0.16610299208180118,-0.21031622054603596,0.3110432333890673,-0.3927067249067881,0.1216779101967239,0.1739730628223511,-0.16949970300018938,-0.1526878221072157,0.2754461838404652,1.538603835528642,0.2993874138970219,0.19468787899265455,0.09388763158866086,0.4490805057922102
2010-11-01,,0.009643564966027186,0.10297127322554948,0.4626472486853345,-0.0496481312013518,0.028791408377325398,0.1762584697096925,-0.11651168162968036,0.3083488410354301,-0.22933090022828834,0.025039827178747774,0.5711554029894045,-0.5004268548814916,-0.4733961346504053,0.39069715534055927,0.3412698315231715,1.276163077737178,0.08350716085806033,-0.6885092983168435,0.6905961867951232
2010-12-01,,0.231882274198436,0.09905479126644014,-0.04966406108868106,0.6023911153454782,0.2609801856138207,0.4199899327790989,0.031821512022601486,0.31022675085765716,-0.08929447907529045,-0.38084012149675084,0.022665504663473716,-0.657780108472395,-0.6337502909220001,0.6472785574758829,-1.114275344009902,2.6941327688637253,0.5146290803929706,0.09388763158866086,-1.545139476573692
2011-01-01,-0.9421660557582502,0.12649737704875536,-2.071693263784864,0.16128765470061948,0.6489653472416804,0.11586219984101112,0.32859063412807116,0.1914989537755512,0.4650318388122902,-0.1593126896517894,-0.2262191886679896,0.2117999523620711,-0.48358734339258513,-0.4733961346504053,0.835646874174973,-0.08796143158897257,0.2912171604887198,0.45854437982663804,-0.6885092983168505,0.6266730273062728
2011-02-01,,0.5358085199241659,0.8839718486413605,0.191423614099091,0.5092426515530739,0.5657279557367206,0.7348097392437475,0.31866892828208493,0.5599887572148318,0.050741942077710746,-0.03294302263203735,0.23071339713192976,0.8931822572593113,0.9697912717939476,1.1565018694215563,0.9167493528655024,1.2084170461365915,0.460229904115659,0.8762845614941721,0.4242240130820824
2011-03-01,,0.5276055873892712,0.7530643341097065,0.16128765470061948,0.4160941877606697,0.5367043585821587,0.40983445515120615,0.4475548394761022,0.5348410952475203,0.027402538552208887,0.005712210575153647,0.1739730628223511,1.5032036285403665,1.450853740608732,1.5956519282386095,0.9777518265838014,0.05518495038527222,-0.565097233624517,-1.4709062282223546,0.6522496474799306
2011-04-01,0.5550729186983401,0.19407029968959585,-0.1333804589022642,0.16128765470061948,0.2065101442277601,0.15939759557285396,0.08485917105866474,0.41438006351787426,0.43416879912513096,-0.1593126896517894,0.06369506038593876,0.23071339713192976,0.546902959126133,0.4887288029791633,1.9570254650192271,0.9081254849762997,0.6855563439438399,-0.0039138724744007,0.8762845614941652,-1.243987320068066
2011-05-01,,-0.05062520324173671,0.2987761324934546,0.010607857708261939,0.031856774617002065,-0.08730298024092223,-0.2807380235454434,0.19226159230332468,0.28989633582565155,0.027402538552208887,0.0443674437823419,0.19288650759220974,-0.1893860149548295,-0.1526878221072157,1.596358764056924,0.3481579601274539,-0.7202365119882669,-0.7011989096892643,0.09388763158866086,1.3343295948470957
2011-06-01,,-0.44463180069324687,-0.2046569482001317,0.13115169530214793,0.19486658625370948,-0.49363334040478896,-0.39244827745225386,-0.10564408260888786,0.1259466435192784,-0.3226885143302891,0.10235029359312978,0.13614617328263107,-1.0953377248292233,-1.1148127597367845,1.5670234222338908,1.2972627748204908,-1.2402704357488523,-1.1457226422434197,-0.6885092983168435,-1.4670501892235597
2011-07-01,-1.2403273465156022,-0.5967278414444078,-0.2412180108853903,0.10101573590367648,-0.5153904501633731,-0.6242395276003175,-0.595557830010092,-0.3930634777641811,-0.1117069268971389,0.0040631350267103464,0.1216779101967239,0.2496268419017911,0.4947444670766343,0.4887288029791633,1.680195782479762,-0.17399572496933116,-0.6954104834229989,-0.07663314643698611,2.441078421305181,0.24084790311254156
2011-08-01,,-0.4933012678489673,-1.3116020414873863,-0.20034385808103858,-1.1557861387361525,-0.47912154182750805,-0.808822860195823,-0.5674884420479922,-0.5705129557702486,-0.042615672024290056,0.27629884302548513,0.38202095529080715,-0.053211400258358466,0.007666334164379062,1.4130532268963905,-2.8286695648307805,-2.7246960355403753,-3.2773947784730892,0.09388763158866086,0.6942550901567547
2011-09-01,,-0.7436059056664283,1.7342871321450077,-0.5619753708626967,-1.7379640374386793,-0.7548457147958461,-1.093176233776796,-0.6411879227758716,-1.0863992784139629,-0.2526703037537869,0.19898837661110588,0.0794058389730524,0.2690611009722228,0.3283746467075686,1.4464648759868377,-2.3312284336532274,-2.173953702598608,-1.0331381255122778,1.6586814913996766,-0.02136633261995379
2011-10-01,0.8548620156008431,-0.7516873132748794,-0.26341637292703446,-0.5318394114642252,-1.2372910445545062,-0.7548457147958461,-0.8799112035910667,-0.7020464772923367,-1.4529264515875349,-0.3693673213812862,-0.05227063923563422,-0.09081516395568633,-0.24097448011649217,-0.3130419783788105,1.3873917050325137,-0.12186287366750438,0.7507423332758761,1.4362493881362697,1.6586814913996766,0.058227678076383536
2011-11-01,,-0.5348843127314904,0.25867952328847005,-0.3510236550733961,-1.7030333635165276,-0.5081451389820699,-0.9306885917305262,-0.6899777225902962,-1.5616819247708473,-0.29934911080478727,0.1216779101967239,-0.05298827441596631,-0.8013871165533594,-0.7941044471935947,1.4307597124539633,-0.3771906503601979,1.890217346290021,-0.5378116393310002,1.6586814913996697,1.318062300670123
2011-12-01,,-0.6142641415070452,0.33765679486870137,-0.4715674926672821,-1.644815573646275,-0.6097277290230365,-1.0017769351257684,-0.6204536878019842,-1.6323484878640593,-0.4160461284322866,-0.14890872225361035,-0.4123437250432997,-0.717609634052031,-0.7941044471935947,1.3220781678007196,-1.8210199183524816,-0.805165223343452,0.7083918245574992,-0.6885092983168435,-1.5593232512047215
2012-01-01,-1.0462338759147933,-0.5731228903675297,-2.5988969160453532,-0.4715674926672821,-1.248934602528557,-0.5661923332911937,-0.8697557259631739,-0.5966212338090018,-1.590854845617993,-0.5094037425342874,-0.28420203847877473,-0.7716991756706358,-0.39411922028346696,-0.4733961346504053,1.4580699266966892,0.0803900122988934,-0.19328130124040066,0.9017170432017132,0.8762845614941652,1.5910160098121104
2012-02-01,,-0.600130539384809,0.6686224771331052,-0.5619753708626967,-1.5633106678279214,-0.5952159304457556,-0.9611550246142017,-0.609347764241254,-1.4760165775756993,-0.3226885143302891,-0.05227063923563422,-0.33668994596386237,0.8981326512451523,0.9697912717939476,1.8159881107277749,0.5125670852318681,-0.5547856557926013,0.5329575470196691,-0.6885092983168435,-0.39556019246609175
2012-03-01,,-0.7868497912103356,0.888617810021107,-0.4715674926672821,-0.9811327691253946,-0.798381110527689,-0.9103776364747421,-0.6808546592017743,-1.4213612369233755,-0.4160461284322866,-0.03294302263203735,-0.5825647279720384,1.5098682765677243,1.450853740608732,2.034865966456862,-0.4888276566570123,-0.11526843837498582,0.07596709190924113,0.09388763158866086,-0.1463074038510877
2012-04-01,0.6276634929811629,-0.9428510861081244,-0.14273007866020476,-0.7126551678550541,-1.5050928779576687,-0.9580108948777795,-1.184575532427824,-0.8070236706405969,-1.3642809431527596,-0.48606433900878554,-0.14890872225361035,-0.5825647279720384,0.342890153506837,0.3283746467075686,1.8478641083567287,-0.022803300555462685,-0.21441550656677014,-1.2696902852064573,2.441078421305181,-0.28436760067679123
2012-05-01,,-0.9573074888162244,0.13302461912050276,-0.3510236550733961,-1.8078253852829822,-0.9580108948777795,-1.2759748310788503,-0.9158903204805128,-1.4347923745650013,-0.4160461284322866,0.16033314340391489,-0.35560339073372105,-0.5424685023304829,-0.4733961346504053,1.431498827660273,-0.02855943090997394,-2.3912819299203414,-1.0647571833555947,-0.6885092983168435,0.9051264747558708
2012-06-01,,-0.9746285884882859,0.25989218172889944,-0.2606157768779816,-0.8414100734367881,-0.9725226934550604,-1.083020756148905,-0.9510002917029751,-1.4040681369081904,-0.532743146059786,-0.11025348904641935,-0.6960453965911958,-1.078917756700264,-1.1148127597367845,0.806111195200688,-0.0342998883031108,-0.620916168652303,-0.23774727100252693,0.09388763158866086,-0.7057996631745901
2012-07-01,-1.5072496487352012,-0.7056230367297776,-0.5172331361491191,-0.7427911272535258,-1.0044198850734956,-0.6677749233321604,-0.9916214574978771,-0.9271297057836053,-1.15083607979254,-0.532743146059786,-0.12958110565001346,-0.6771319518213371,0.7449357015324868,0.8094371155223528,1.1223864469158196,-0.09763335253605072,-0.5512560052704256,1.4280859074700134,0.8762845614941652,1.0682086059780154
2012-08-01,,-0.9292491555390755,-1.0199482865535077,-0.5619753708626967,-0.8414100734367881,-0.9289872977232175,-1.1134871890325804,-0.8952514153226004,-1.0024077204082067,-0.3693673213812862,0.256971226421891,-0.48799750412273973,-0.10889073735739499,-0.1526878221072157,1.5495288218862477,-0.0542186373439019,-0.8004363420560793,0.9440684475771508,0.09388763158866086,-1.456913260703885
2012-09-01,,-1.1558741550852818,1.5647131679768296,-0.17020789868256708,-0.9462020952032429,-1.1756878735369936,-1.245508398195175,-0.9812865742372451,-0.9975251548703907,-0.6727795672127872,-0.1682363388572045,-1.131054626297972,0.3558265563375137,0.3283746467075686,1.5513087404199732,-0.029270856235463317,0.3776917336315201,0.040633125605033085,0.8762845614941721,0.43806774354558137
2012-10-01,1.1414203609541729,-1.1215053868256557,-0.3019852090809981,-0.8030630460504687,-1.842756059205134,-1.11764067922787,-1.468928906008797,-1.1037853877611492,-1.2017600952763483,-0.9061736024677859,-0.09092587244282248,-0.7906126204404945,0.6335691422892901,0.6490829592507581,1.492298295528209,-0.046181106426377454,0.05333013311818517,-0.2986028167510626,0.8762845614941652,1.0983675505386579
2012-11-01,,-1.1539120338770892,0.24308385800461155,-0.8331990054489402,-1.8078253852829822,-1.146664276382432,-1.4790843836366885,-1.1571700847054152,-1.5335296070879587,-1.0228706200952853,-0.32285727168596573,-1.131054626297972,-0.9695730974122675,-0.9544586034651895,1.397578985135532,0.06057683432885197,-0.7788591747849154,0.004433636887819175,1.6586814913996766,-0.6234114489411897
2012-12-01,,-1.1394771512080482,0.00880681452587275,-0.38115961447186764,-1.120855464814001,-1.1321524778051508,-1.245508398195175,-1.143795311524565,-1.6790594534858083,-0.9295130059932843,-0.24554680527158648,-1.055400847218532,-0.5241551213151358,-0.4733961346504053,1.3960998442790875,0.08615924511510906,-0.2858100466742733,0.6381418130859018,1.6586814913996766,-0.7691166506408483
2013-01-01,-1.1551981847287223,-0.773979541969245,-2.331602230120975,-0.7427911272535258,-2.1105578926082966,-0.7258221176412842,-1.255663875823066,-1.060581915162677,-1.679508518878085,-0.9995312165697834,-0.24554680527158648,-0.8473529547500759,-0.27567766466339844,-0.3130419783788105,1.534185353028828,0.05487762583484634,0.7887497242114085,0.487950641268123,0.8762845614941652,1.5055224521631703
2013-02-01,,-0.8848773667716202,0.6084870286385821,-0.6523832490581112,-1.7030333635165276,-0.8709401034140938,-1.184575532427824,-0.942420608265503,-1.7495953793739885,-0.9295130059932843,-0.41949535470394184,-1.1121411815281106,0.9456985366293629,0.9697912717939476,1.682687668426978,-0.047075205135576746,0.37212347525705625,-0.5928458436757262,1.6586814913996766,-0.18137919185417542
2013-03-01,,-1.022527131891886,0.8215043779195922,-0.5318394114642252,-1.0509941169696975,-1.0305698877641842,-1.1947310100557154,-0.9303899854898499,-1.5850496548196968,-0.6494401636872853,-0.12958110565001346,-1.2445352949171293,1.3921423263321857,1.450853740608732,1.3778190339268213,0.03968616107494034,-1.0093233165156679,0.2695774071615897,1.6586814913996766,0.21345602312306253
2013-04-01,0.7994359479326127,-0.8866609982441007,0.028372698944525102,-0.5017034520657536,-0.8646971893848893,-0.8709401034140938,-1.0220878903815525,-0.955852579335941,-1.2949044224591728,-0.6261007601617867,-0.12958110565001346,-1.1121411815281106,-0.16246990173663706,-0.1526878221072157,1.1112690947909207,-0.04949374088163716,-1.2352634060290992,-0.24767672983039338,0.8762845614941652,-0.29716420361177354
2013-05-01,,-0.8815189747939861,0.16663389170383985,-0.5619753708626967,-1.2372910445545062,-0.8709401034140938,-1.0017769351257684,-0.917129608088148,-1.1483539728970664,-0.6727795672127872,-0.2648744218751806,-1.0175739576788119,-0.27631923423573856,-0.3130419783788105,1.1176140636256704,-0.06241333175695552,0.4201960531330039,0.9374948677243341,0.8762845614941652,0.7126285295456544
2013-06-01,,-0.7292014042289968,0.1804194573367997,-0.8934709242458833,-1.3886572982171632,-0.7113103190640032,-1.245508398195175,-0.818701573097164,-1.1967060684069406,-0.6961189707382857,-0.2648744218751806,-1.0364874024486732,-0.9112371630101559,-0.9544586034651895,1.1210919607094354,0.032777865258265405,0.9382778965848281,-1.0754537352907008,1.6586814913996835,-0.6352706400478001
2013-07-01,-1.2663814697569284,-0.24845892229818484,-0.3018890013552203,-0.2907517362764531,-0.9927763270994449,-0.18888557028188893,-0.6158687852658762,-0.630253592883891,-1.2290387766506334,-0.9295130059932843,-0.2648744218751806,-0.8095260652103559,1.039392673291159,0.9697912717939476,1.3139968911061986,-0.06133376771990981,0.7792099849019992,0.8446924767480292,1.6586814913996697,0.5367473613834949
2013-08-01,,-0.3571591713473851,-1.0179150176865694,-0.2907517362764531,-0.9811327691253946,-0.3485153546319794,-0.6768016510332284,-0.4002132139620812,-1.1056437716792016,-0.7661371813147847,0.025039827178747774,-0.8095260652103559,-0.5030477914932158,-0.4733961346504053,1.450043749616376,-0.011506635661208074,0.8744287742690875,0.42616828058305245,0.09388763158866086,-1.4293137679175902
2013-09-01,,-0.1385662099082631,1.2768902735297532,-0.5921113302611681,-0.5852517980076763,-0.11632657739548417,-0.5244694866148498,-0.27933500730969907,-0.8808498011324416,-0.6494401636872853,-0.03294302263203735,-0.8851798442897931,-0.22786926741230834,-0.1526878221072157,1.4775543010099348,0.013007469761904207,0.42583295975113894,0.15496561362775443,0.09388763158866086,0.024440589193478142
2013-10-01,0.9824135968832532,-0.23092515400484911,0.20632987226906166,0.04074381710673347,0.10171812246130522,-0.23242096601373177,-0.42291471033593075,-0.21222281686548325,-0.5206911917038408,-0.7661371813147847,-0.013615406028443225,-0.7906126204404945,-0.7626997513544254,-0.7941044471935947,1.3878157119319308,0.1291425206296963,-0.3794042526532114,0.2601019785400241,0.09388763158866086,1.3586291629345593
2013-11-01,,-0.2956118596426709,-0.08023775665863449,0.311967451692977,0.11336168043535573,-0.30497995890013657,-0.2807380235454434,-0.222709096622389,-0.10386869459563408,-0.5094037425342874,0.0443674437823419,-0.7716991756706358,-1.1062102673394898,-1.1148127597367845,1.3290781835466814,0.13372308017748538,-0.5287022639322729,0.6185812473492036,-0.6885092983168435,-1.0810722725483481
2013-12-01,,-0.2221019379912365,0.30156264444786746,0.191423614099091,0.5092426515530739,-0.2179091674364508,-0.26042706828965934,-0.2411077511049684,0.2119222540763549,-0.5794219531107864,-0.05227063923563422,-0.7527857309007772,-0.22727652189655376,-0.1526878221072157,1.4378755792765332,0.21440864785439928,0.4389313916836917,-0.4289063632233912,0.8762845614941652,0.14880053214269448
2014-01-01,-0.9367424896541194,-0.21855746096998524,-2.1066224315024393,-0.17020789868256708,0.6722524631897815,-0.2179091674364508,-0.08778394861549657,-0.21441540263282863,0.4890364252356298,-0.7427977777892861,0.025039827178747774,-0.5069109488925984,-0.6516039891231806,-0.6337502909220001,1.3015966402472714,0.16705606735320058,0.16001652131685726,0.5869530321235751,0.8762845614941652,-0.00963803264049567
2014-02-01,,0.016327435920385953,0.6089359475409731,-0.1400719392840956,0.9051236226707922,0.043303206954606335,0.16610299208180118,-0.16150735476842445,0.6940551888717309,-0.6027613566362849,0.025039827178747774,-0.7906126204404945,0.37600400059507855,0.3283746467075686,1.3598104464091256,0.029432106862255628,-0.578357102004188,-0.38347205080371244,0.8762845614941652,-0.19991275786985627
2014-03-01,,-0.1795428960432205,0.39314544632560156,-0.4414315332688106,0.7188266950859835,-0.18888557028188893,-0.057317515731821124,-0.11126854175122748,0.814812955266719,-0.7894765848402865,-0.32285727168596573,-0.8851798442897931,1.0198519061950342,0.9697912717939476,1.3007590315255182,0.1994480626795489,-0.7991956198164092,-0.19958554851124466,0.09388763158866086,-0.7303359069335928
2014-04-01,0.5965508794219038,-0.17064372695058033,0.22182783271231707,-0.10993597988562409,0.7537573690081352,-0.17437377170460797,-0.026851082848145687,-0.1395814970948893,0.8217530567836704,-0.43938553195778846,0.005712210575153647,-0.7149588413610571,0.4317392546745633,0.4887288029791633,1.3170924015997076,0.04208447184985202,-0.6347528140407039,0.25647675047528096,-0.6885092983168435,1.5305443629921167
2014-05-01,,-0.18673312085775673,-0.04607545515422245,0.010607857708261939,0.7654009269821858,-0.18888557028188893,0.02392630529131386,-0.16541587722326695,0.7983200081323109,-0.6494401636872853,-0.12958110565001346,-0.6960453965911958,-0.8558674527977368,-0.7941044471935947,1.3962464258053944,-0.1853360337930102,-0.961292755025031,0.08032635612513625,-0.6885092983168435,-1.4198397013086004
2014-06-01,,-0.11036229989631156,0.10405108508491014,0.04074381710673347,0.707183137111933,-0.10181477881820321,-0.026851082848145687,-0.16226999329619793,0.7428808442498319,-0.6494401636872853,-0.013615406028443225,-0.4501706145830197,-0.7445740719907794,-0.7941044471935947,1.4879645808373805,-0.21508549706019575,-0.26424672168945396,0.47823032116894165,-1.4709062282223477,-1.000470469635966
2014-07-01,-1.1647299766692571,-0.05372662063532955,0.013423932175997577,-0.10993597988562409,0.3695199558644675,-0.04376758450907937,0.044237260547097965,-0.11708366052551725,0.6280834003341099,-0.532743146059786,0.0443674437823419,-0.4123437250432997,0.994889221205879,0.9697912717939476,1.283169248368699,-0.30164394312074566,-1.4611503626048385,-0.33569100701856686,-0.6885092983168575,1.508934173013234
2014-08-01,,-0.04461225115211533,-1.576870378778748,0.16128765470061948,0.24144081814991167,-0.04376758450907937,-0.057317515731821124,-0.04844619302574087,0.46797117592534576,-0.9295130059932843,-0.07159825583922835,-0.5825647279720384,-0.42107348968758046,-0.4733961346504053,1.0712542417651143,-0.1340182339463068,-1.213186451810255,-0.47327755832230545,-0.6885092983168435,-1.2659317985988972
2014-09-01,,0.20741272390530363,1.7046764470094788,-0.2606157768779816,0.5092426515530739,0.23195658845925873,0.12548108157023297,0.03820860969272814,0.3732592022822226,-0.6727795672127872,0.256971226421891,-0.2610361668844223,-0.3409099365066012,-0.3130419783788105,0.8794418444836091,-0.3263239574948464,-0.2663212326590237,0.846691272459507,-0.6885092983168435,0.8776498883219978
2014-10-01,1.1916593158272768,0.15784068099381257,0.46563736456161015,0.13115169530214793,0.3345892819423159,0.15939759557285396,0.10517012631444884,0.14154613020627943,0.36542096998072937,-0.7427977777892861,0.17966076000750902,-0.5636512832021797,-0.501473006095326,-0.4733961346504053,0.4577058530808229,-0.0014006649811786126,-0.8051837422574624,-1.176736481532597,0.8762845614941652,-0.2457793331452757
2014-11-01,,0.2386167805388125,-0.20322026312207986,0.04074381710673347,0.21815370220181057,0.2464683870365397,0.1762584697096925,0.1778667900915764,0.3400283632539879,-0.7661371813147847,0.1216779101967239,-0.6582185070514784,-1.25939430847751,-1.275166916008379,0.08790160242674168,0.01319840907458839,-0.2938593473007935,0.8521506367824223,0.09388763158866086,-0.4233105597701414
2014-12-01,,0.0466073967590687,0.4028662941267772,0.191423614099091,0.5441733254752256,0.028791408377325398,0.16610299208180118,0.16185138100829255,0.34925461585888296,-0.532743146059786,0.295626459629082,-0.5069109488925984,-0.6323342967722472,-0.6337502909220001,-0.5867922229455402,0.03156708229101513,-1.291445188993898,0.07290504759017402,0.8762845614941652,0.4740476321216273
2015-01-01,-1.191810282637982,0.025175969627008344,-2.2994089791564805,0.432511289286863,0.3928070718125686,0.014279609800044432,0.1559475144539084,0.09578781853976186,0.44837559517159536,-0.6261007601617867,0.10235029359312978,-0.5069109488925984,-1.7727494923620184,-1.7562293848231634,-1.184007241555642,-0.3844158292991828,-1.5951269599318991,0.6129796706711387,0.8762845614941791,-0.6530293494904004
2015-02-01,,0.09838207896233622,0.6226062833500806,0.4023753298883915,0.8934800646967416,0.10135040126373017,0.3184351565001798,0.07510124847384846,0.5666839139723647,-0.3693673213812862,0.21831599321470002,-0.48799750412273973,0.5711333243237374,0.6490829592507581,-0.7710661417312659,-0.37490946806912656,-0.32305275114305343,1.430263368256051,-1.4709062282223617,0.08100575833148162
2015-03-01,,0.2196031930891045,0.8017682162574383,0.37223937048992006,0.7770444849562362,0.23195658845925873,0.34890158938385524,0.13001122247367497,0.7429624925029636,-0.3226885143302891,0.0830226769895329,-0.24212272211456368,1.4045847033003438,1.450853740608732,-0.8606902749588689,-0.4361640714683881,-0.6539149458906071,1.1077693710088703,0.09388763158866086,1.2783499937086384
2015-04-01,1.0687907536381853,0.3343303189590819,-0.17893961835356467,0.6434630050761636,0.9167671806448426,0.3480509770775063,0.48092279854644976,0.2313468168518175,0.8518812621925629,-0.43938553195778846,0.256971226421891,-0.5069109488925984,0.7168933410034459,0.6490829592507581,-0.7099207050432751,-0.49302323524794367,-0.8507256836500073,0.34118781884300375,0.09388763158866086,-1.6874698484931878
2015-05-01,,0.397409351090837,0.031313186977873046,0.311967451692977,1.009915644437247,0.4060981713866302,0.4301454104069902,0.325056025952198,0.940796209862695,-0.3460279178557877,0.3922645426470581,-0.317776501194001,0.04225648274940158,0.007666334164379062,-0.49339885047004733,-0.07001746118735988,2.972547178081596,-0.42348472136214865,-0.6885092983168435,-0.9849446364026391
2015-06-01,,0.31625348615070314,0.7746322061499358,0.6434630050761636,0.9516978545669943,0.3045155813456635,0.44030088803488154,0.3812052875596463,1.00162415845246,-0.29934911080478727,0.31495407623267613,-0.33668994596386237,-0.9157201601255459,-0.9544586034651895,-0.5863734185846634,0.16347939612524656,1.870972484190434,-0.5771058888299418,-0.6885092983168435,1.2373343171920237
2015-07-01,-0.9465358688665605,0.4459180508959518,-0.5851640894627095,0.5831910862792206,1.0681334343074997,0.449633567118473,0.5621666195695848,0.4043704328408303,1.0248122623444011,-0.1593126896517894,0.4115921592506523,-0.185382387804985,0.9185594921828762,0.9697912717939476,-0.8573398400718557,-0.05343437506103201,-0.4759441888270269,0.09191506135344525,-1.4709062282223546,-0.555923625339213
2015-08-01,,0.5010093508833863,-1.4312953158286401,0.22155957349756247,0.9749849705150954,0.5076807614275969,0.6535659182206125,0.4379265280629315,1.0342834597087145,-0.532743146059786,-0.11025348904641935,-0.4501706145830197,-0.8018368148012974,-0.7941044471935947,-1.22923811253032,0.03263273014456508,-0.4337492540867446,-0.8188602933142526,0.09388763158866086,-1.4195652809210728
2015-09-01,,0.2855051479913558,1.5655558766855164,0.7338708832715781,0.8352622748264888,0.2609801856138207,0.35905706701174656,0.435638612479611,1.0047267920718022,-0.3226885143302891,0.16033314340391489,-0.10972860872554499,-0.6117440687362622,-0.6337502909220001,-1.2187680035084039,-0.05335363268308437,-0.22224515121116914,-2.041678364216478,0.8762845614941652,1.2627386503100753
2015-10-01,0.7971115378106212,0.41708119855877573,0.14819407947255053,0.613327045677692,1.033202760385348,0.4206099699639111,0.5824775748253689,0.37786874400062714,0.9708427670184441,-0.2059914967027898,0.3342816928362703,-0.09081516395568633,-0.452512555311848,-0.4733961346504053,-1.181913219751259,-0.3716988372198882,-0.8199086937929156,0.7708031645278617,0.8762845614941721,-0.19240249907197904
2015-11-01,,0.20874190278827173,0.04316734607059644,0.13115169530214793,0.8469058328005395,0.18842119272741586,0.40983445515120615,0.3342076882854934,0.9621880521855407,-0.3226885143302891,0.23764360981829413,-0.24212272211456368,-1.205788725131401,-1.275166916008379,-1.336870833275619,-0.15492883588044284,0.051693956175962626,0.8227300902508654,-1.4709062282223546,-0.14036959988280656
2015-12-01,,0.26301037775291913,0.3011888157232715,0.16128765470061948,0.9284107386188931,0.2609801856138207,0.5418556643138006,0.266237529497529,0.8932769265348525,-0.43938553195778846,0.025039827178747774,-0.147555498265265,-0.5016853656715763,-0.4733961346504053,-1.617469755062974,-0.3612325403409495,0.3688063815248059,-1.246649816202861,-0.6885092983168505,1.417570863959836
2016-01-01,-1.0813387511300534,0.18304444438420497,-2.1829820492321605,-0.1400719392840956,0.4510248616828213,0.17390939415013493,0.3184351565001798,0.23601797783443348,0.7752135524935131,0.0040631350267103464,0.19898837661110588,-0.09081516395568633,-1.9575752103506499,-1.9165835410947583,-1.9072823727896155,-0.3784854201764024,-0.5510195929962746,-1.3296806865718072,-1.4709062282223477,-1.6071645859988195
2016-02-01,,0.28412533372236815,0.8083887204967597,-0.20034385808103858,0.3695199558644675,0.2900037827683825,0.35905706701174656,0.23458803059486158,0.59387278226819,-0.11263388260078899,0.295626459629082,0.26854028667164975,0.6469303925131085,0.6490829592507581,-1.8067693261792195,-0.10612095372822859,-1.8443659250096147,-0.4257329776835711,0.8762845614941652,0.844307889693202
2016-03-01,,0.3290895565062334,0.5679670686964461,0.251695532896034,0.6140346733195288,0.3335391785002254,0.4606118432906657,0.2872100890113541,0.5114080465961608,-0.22933090022828834,0.17966076000750902,-0.10972860872554499,1.314192638882386,1.2904995843371372,-1.5609311663446264,-0.09891140407515224,-0.12309743746746574,1.4072416297181827,-0.6885092983168435,0.43341690624649243
2016-04-01,1.0139349925610837,0.390016584732228,-0.04394365219544583,-0.01952810169020956,0.5674604414233266,0.3915863728093492,0.49107827617434113,0.3647132293965142,0.5581924956457365,0.0740813456032093,0.5662130920794135,-0.07190171918582497,-0.16499287671166196,-0.1526878221072157,-1.4277513795858519,-0.4639131315641615,-0.46468634017482413,0.11690134149125103,0.09388763158866086,-1.2646706913820287
2016-05-01,,0.6039890671972195,-0.0496633487684056,0.16128765470061948,0.9167671806448426,0.6237751500458445,0.6941878287321793,0.4507960532191463,0.6320025164848623,-0.3226885143302891,0.1216779101967239,-0.24212272211456368,-0.021547841114072593,0.007666334164379062,-1.223374851478047,-0.003674519432369458,-0.0705824052744149,-0.41910068950721685,-1.4709062282223546,0.35718719825800294
2016-06-01,,0.5357832022311562,0.544372941142827,0.010607857708261939,0.5791039993973771,0.5367043585821587,0.521544709058018,0.5091379005939535,0.7018117729200923,-0.1593126896517894,0.19898837661110588,-0.22320927734470233,-0.8198943215662806,-0.7941044471935947,-1.1668362627596995,-0.18327551996618094,-1.170029136478889,-0.2067210298571215,-0.6885092983168505,-0.3415722035843352
2016-07-01,-1.0465920962216613,0.19981741600262362,-0.12954658701196833,0.4023753298883915,0.5441733254752256,0.15939759557285396,0.35905706701174656,0.4576597999691212,0.6861353083170944,-0.18265209317728795,0.23764360981829413,-0.12864205349540364,0.48900851803611045,0.4887288029791633,-1.3096485498186368,-0.5292622444561651,-0.9910926849097724,0.3689712188432349,-0.6885092983168435,-0.3109720441867388
2016-08-01,,0.33733046558064106,-1.5727857638842146,0.16128765470061948,0.8818365067226911,0.3335391785002254,0.39967897752331477,0.3492697992090672,0.7410845826807365,-0.08929447907529045,0.4695750090614374,0.1550596180524924,-0.11793355915243171,-0.1526878221072157,-1.2648364832048353,0.07164911681950219,-0.0825676132984706,0.2069162220304642,-1.4709062282223546,-0.0961011729613583
2016-09-01,,0.38591511846478155,1.5638271488091984,0.04074381710673347,1.2777174778404092,0.3915863728093492,0.4606118432906657,0.3338263690216067,0.9301819369544212,-0.11263388260078899,0.3922645426470581,0.003752059893612367,-0.8024241724027764,-0.7941044471935947,-1.262742461400452,-0.12581767878881572,0.3032009690630797,-0.029734584098115198,-0.6885092983168435,-0.7800251484152941
2016-10-01,0.972526700290971,0.40433374012877965,0.04652384180755076,0.22155957349756247,1.2660739198663586,0.4060981713866302,0.5520111419416934,0.3772014352888287,1.145488380486246,0.0040631350267103464,0.3922645426470581,0.022665504663473716,0.10526535920527474,0.1680204904359738,-1.1144857176501184,-0.3856393836716998,0.31222230587530175,0.03985234262255258,-0.6885092983168505,0.018430672728214876
2016-11-01,,0.5540625765836059,0.18991772898911574,0.5831910862792206,1.1612818980999038,0.5657279557367206,0.6637213958485039,0.45613452291357426,1.2528558333661681,0.19077836323070863,0.7208340249081747,0.28745373144150843,-0.8505415705381274,-0.7941044471935947,-1.252272352378536,-0.45468773033287546,1.8939211368204758,-0.23737780937179895,0.09388763158866086,2.1501825378509785
2016-12-01,,0.671169565596421,0.38610786778608797,0.311967451692977,1.3242917097366114,0.6818223443549682,0.8769864260342348,0.5753921226944207,1.293761608189621,0.19077836323070863,0.5662130920794135,-0.05298827441596631,0.04190749560368741,0.007666334164379062,-0.9327246250296525,-0.3205958167672703,0.6458882285057009,0.9496337417294601,-1.4709062282223477,-1.8762868760240623
2017-01-01,-0.8696135265028749,0.711450015173633,-2.548723663229551,0.854414720865464,1.3475788256847125,0.7108459415095302,0.7652761721274229,0.6880719651732177,1.3544262602730994,0.0740813456032093,0.256971226421891,0.04157894943333238,-0.8831490864248328,-0.9544586034651895,-0.8983826674377672,0.34141924546811175,0.11482935700240166,0.4496295026657673,0.09388763158866086,1.1810886742350442
2017-02-01,,0.8490769943701909,0.9235870610236815,0.432511289286863,1.4756579633992681,0.8559639272823397,0.8871419036621262,0.7711995647007309,1.4173770634445215,0.26079657380720755,0.4309197758542464,0.003752059893612367,0.8695092056490953,0.8094371155223528,-0.8732544057851682,0.027074755168630293,0.10807042775620215,0.20660948182035765,-0.6885092983168505,-1.462698391485108
2017-03-01,,0.8572799269050838,0.8866054667589094,0.432511289286863,1.5920935431397736,0.8559639272823397,1.0090076351968293,0.8329732854505187,1.4679173321385628,0.26079657380720755,0.6821787917009865,0.1550596180524924,0.2454942060234417,0.1680204904359738,-1.0206735408137488,-0.48702584437931273,0.3784338931040851,0.7236499320381037,-0.6885092983168435,0.3753931164519107
2017-04-01,1.0986384834542873,0.7068801715855202,-0.47951031425966284,0.613327045677692,1.1263512241777525,0.6818223443549682,0.7754316497553158,0.8443175335511731,1.4552618529017638,0.3308147843837098,0.6435235584937955,0.003752059893612367,0.5426693145700818,0.4887288029791633,-0.9783743003652073,0.2427769009301383,-0.35884397470699464,0.20071702483859385,-0.6885092983168505,-0.6628883650133416
2017-05-01,,0.9324354986020995,0.42611559334963683,0.6735989644746351,1.3126481517625608,0.9430347187460254,0.9683857246852612,0.8269675070442924,1.3726338207234596,0.47085120553670773,1.1073863569800793,0.5333285134496872,-0.8286441174463551,-0.7941044471935947,-1.0667420205101803,0.567426159278974,0.420846471629567,0.43584609619014764,0.09388763158866086,1.2342454709308097
2017-06-01,,0.782542097142715,0.23035287583899045,0.6735989644746351,1.5222321952954705,0.768893135818654,0.9074528589179103,0.8421249477838277,1.3900248986424095,0.5175300125877081,0.7981444913225567,0.2496268419017911,-0.7512086530101159,-0.7941044471935947,-1.2334261561390867,0.21104597789122778,-0.4201310573336966,-0.45766236285111017,-0.6885092983168435,-0.9418643741635391
2017-07-01,-1.0845520823672228,0.7426793895001517,-0.17682961334427227,0.5229191674822776,1.51058863732142,0.7253577400868112,0.9176083365458017,0.827920805204016,1.4586910795336794,0.6342270302152074,0.8174721079261509,0.5333285134496872,0.8576956531326555,0.8094371155223528,-1.1580413711812898,0.07505538686038363,0.7265660753273022,-0.15297123005492527,-0.6885092983168435,-0.4903254517244097
2017-08-01,,0.9739944916762618,-1.492679735896227,0.432511289286863,1.2777174778404092,0.9865701144778684,1.0394740680805048,0.8539458449643439,1.4855533548169428,0.8676210654702061,1.2040244399980553,0.7792032954578633,-0.05771549878743673,0.007666334164379062,-1.0458018024663478,-0.13331747528551144,-0.15865269131443782,0.020330413306789603,-1.4709062282223546,0.5823278837134145
2017-09-01,,0.9875394574360424,1.420232778225943,0.8242787614669926,1.638667775035976,0.9865701144778684,1.0496295457083962,0.9559487480542848,1.4786132532999916,0.7742634513682053,1.2426796732052463,0.49550162390996716,-0.6856351073407408,-0.6337502909220001,-0.8870749496940978,-0.2946621656896803,0.011174139459202875,0.07455276687786738,0.09388763158866086,-0.7003078715845703
2017-10-01,0.9233597391142329,1.2171835918735614,0.3067353110110504,0.07087977650520494,1.3475788256847125,1.2332706902916446,1.1308733667315325,1.0647200680782256,1.508333217443179,0.7742634513682053,0.8947825743405329,0.6468091820688445,-0.08891042927093856,-0.1526878221072157,-0.7840490769184421,-0.01932860164423023,0.13458398958851361,0.6757677122735084,-1.4709062282223546,1.043518326556048
2017-11-01,,1.1176850583484588,0.2147292475318774,0.5229191674822776,1.4057966155549653,1.102664503096116,1.1308733667315325,1.1733960582862049,1.4760821574526295,1.2177121183527042,1.4166282226376046,0.7981167402277219,-0.5759018423998931,-0.6337502909220001,-0.5767409182845006,-0.0850190548072313,-0.21791198773843817,-0.06673034958353244,-0.6885092983168435,-0.8824227540370682
2017-12-01,,1.2389821255542546,0.18130352941531266,0.311967451692977,1.4989450793473693,1.2332706902916446,1.2832055311499113,1.2288780111818547,1.4542820738640785,1.287730328929203,1.725870088295127,0.8737705193071619,-0.35600183937415497,-0.3130419783788105,-0.5080570031007304,-0.3601775511573665,-0.05483673744111834,-0.01261704270231435,0.09388763158866086,-0.8831366626372552
2018-01-01,-0.526190593385039,1.321391216298329,-2.162319172767189,0.34210341109144854,1.1962125720220556,1.3203414817553303,1.1511843219873152,1.2774962173275295,1.4322370455161093,0.8676210654702061,1.2620072898088432,0.7413764059181432,-0.5449203644546018,-0.4733961346504053,-0.307868518601692,1.3469979646569457,1.2390846838171103,0.48735439841845535,-1.4709062282223546,2.0114754266348434
2018-02-01,,1.2217660943081812,0.75073576664535,0.7640068426700495,1.4290837315030662,1.2042470931370828,1.2121171877546675,1.2898890934038827,1.385534244719677,0.7275846443172049,0.914110190944127,0.4198478448305271,0.4611395648335155,0.4887288029791633,-0.4573816754346555,-0.00450902420156205,1.1029129593605138,-1.2207447832704625,-0.6885092983168505,-1.7605424187874164
2018-03-01,,0.998869125057538,0.6213217641379373,0.7640068426700495,1.4407272894771168,0.9575465173233064,0.9683857246852612,1.2319285652929621,1.3936990700337435,0.9843180830977055,1.1267139735836762,0.5144150686798258,-0.05820599377625439,0.007666334164379062,-0.4142448262643606,-0.2655213724237478,-0.8150887874885383,-0.20542141746353526,-0.6885092983168435,0.9606000766312018
2018-04-01,0.8941163625351586,1.1768651657568385,0.020961519908959003,0.7338708832715781,1.1379947821518028,1.1752234959825207,1.0394740680805048,1.1424138680953357,1.3768795298867738,0.7976028548937072,1.1846968233944613,0.7035495163784232,0.6897509120592787,0.6490829592507581,-0.19730416733025657,0.086633486497736,-0.11669202385354599,0.5906483490851335,-0.6885092983168435,-0.3604772852628493
2018-05-01,,1.0048314417611417,0.14913373129524038,0.4626472486853345,1.2893610358144598,0.9865701144778684,0.8871419036621262,1.0861692766719124,1.325849371673884,0.9843180830977055,1.1653692067908672,0.6468091820688445,0.17263451001923272,0.1680204904359738,0.012935621829821794,0.3164342301541682,-0.25820385911310667,0.47414293731646007,0.09388763158866086,0.8188158602533753
2018-06-01,,0.7494012369940233,0.3154395821197338,0.5831910862792206,1.4290837315030662,0.7108459415095302,0.8566754707784507,0.9738707534570024,1.3312381563811582,0.9843180830977055,1.3006625230160316,0.7035495163784232,-0.8058381410486061,-0.7941044471935947,-0.04820981485816933,-0.02608049507501602,-0.6941296039405689,-0.22186411714545165,0.09388763158866086,-0.97396516739357
2018-07-01,-1.081510978275834,0.7953401909587307,-0.169465009146969,0.613327045677692,1.1147076662037017,0.783404934395935,0.8363645155226667,0.8431735757595129,1.3239714618516452,0.7509240478427068,1.1073863569800793,0.8170301849975833,1.5163321239711796,1.450853740608732,-0.07962014192391803,-0.03491179165039568,-0.26120813905999457,0.10297780713966818,0.09388763158866086,0.7336126584392519
2018-08-01,,0.7231594481902645,-1.516607572209864,0.5831910862792206,1.0914205502556007,0.7108459415095302,0.8972973812900175,0.7762520449472337,1.2250137790452078,1.007657486623204,1.2040244399980553,0.7224629611482846,-0.12437342478041115,-0.1526878221072157,-0.13448351319875917,0.014133750758522877,-0.25244606418766097,-0.06193335811315216,0.09388763158866086,-0.5838982307556047
2018-09-01,,0.6811953720279601,1.359541972104109,0.34210341109144854,0.8934800646967416,0.6673105457776873,0.7652761721274229,0.7462231529160882,1.0962544838424515,0.7976028548937072,1.0300758905657,0.5144150686798258,-1.0016116620610558,-0.9544586034651895,0.10549138558356103,0.0525793418702704,0.30518850009602,-0.7713303191780977,-0.6885092983168505,-0.32763367868221865
2018-10-01,0.8819680141714595,0.8600522142895622,0.44098377081674656,0.4626472486853345,0.7537573690081352,0.8704757258596206,0.8160535602668825,0.7585206991764661,0.916709975186212,0.8442816619447043,1.1460415901872703,0.7035495163784232,0.2610193694156093,0.3283746467075686,0.17291888768470154,-0.5538744060318034,0.5353519059682286,-0.9061020815676336,-0.6885092983168435,1.3641880982872945
2018-11-01,,0.8411525564583946,0.12844560643671088,0.49278320808380605,0.4160941877606697,0.8414521287050588,0.7449652168716389,0.8068529158742159,0.6876866251267713,0.657566433740706,0.914110190944127,0.4387612896003885,-0.6936318795046559,-0.6337502909220001,-0.4678517844565717,0.007633016729110592,-0.42868908213391577,-0.25173924348370463,-0.6885092983168505,-0.6865764957180696
2018-12-01,,0.7030318822481624,0.1337029310225963,0.2818314922945055,0.00856965866890087,0.6818223443549682,0.4606118432906657,0.8153372694957128,0.4094293784235245,0.6809058372662079,1.1267139735836762,0.8548570745373005,-0.46300622860868346,-0.4733961346504053,-0.8326303827801332,-0.15941631830476055,-0.4016031202446132,-1.0597871386949032,0.09388763158866086,-0.3404470394492275
2019-01-01,-0.33816347690992765,0.7496290962311041,-2.102469985046979,0.04074381710673347,0.10171812246130522,0.7398695386640921,0.704343306360072,0.7849270582006808,0.1672606596084247,0.937639276046705,1.1460415901872703,0.7413764059181432,-0.18546691232727372,-0.1526878221072157,-0.7149463573737947,0.8715095343305727,-0.8182517772797537,0.07637816829529624,0.09388763158866086,0.9756510963959393
2019-02-01,,0.7349954696719393,0.8793774650911333,-0.17020789868256708,-0.003073899305149623,0.7253577400868112,0.623099485336937,0.770055606909057,0.06329793888447968,0.7509240478427068,1.0300758905657,0.6278957372989858,1.1030078105859222,1.1301454280655425,-0.5114074379877435,0.2740987529278763,-0.5344223280019345,1.3067169846433806,-1.4709062282223477,-0.6558804148063849
2019-03-01,,0.7568572975851532,0.4811626179298621,0.04074381710673347,0.1715794703056084,0.754381337241373,0.704343306360072,0.7440305671487293,0.04122025123525544,0.7976028548937072,1.0107482739621032,0.49550162390996716,0.301160354555684,0.3283746467075686,-0.41592004370786745,-0.07813906025481492,-0.39224518244990697,0.19734621697066704,0.09388763158866086,0.19895119882112638
2019-04-01,1.009086198336533,0.5577589597629087,0.11002135394180959,0.10101573590367648,0.00856965866890087,0.5367043585821587,0.49107827617434113,0.6746304611211794,0.08572671402220403,0.7976028548937072,0.7981444913225567,0.5144150686798258,0.7682174974016891,0.8094371155223528,-0.21531275484795218,0.06712550525585884,-0.31393963773765177,0.7301702998261561,-0.6885092983168505,0.8638979302146348
2019-05-01,,0.2732640434215353,0.19360879927346603,0.34210341109144854,0.31130216599421484,0.23195658845925873,0.3387461117559625,0.5341143123785962,0.1372141024526756,0.8909604689957047,0.9720930407549149,0.6089822925291245,-0.5206270280040047,-0.4733961346504053,-0.24337264702668773,-0.09948684971045868,-0.5303394002943012,-0.533768608849724,0.09388763158866086,-1.3066370906960811
2019-06-01,,0.35666052419295863,-0.287671486820111,0.04074381710673347,0.34623283991636644,0.3480509770775063,0.5012337538022339,0.3995086122262506,0.22612905012281934,0.6342270302152074,0.6821787917009865,0.3063671762113698,-0.4602834007824143,-0.4733961346504053,-0.5461681999405054,-0.020967712102045226,-0.5766649810392362,-0.0032388653718885187,0.8762845614941721,0.30218492034709243
2019-07-01,-1.1817370118284984,0.453715900342701,0.25593662598551375,-0.01952810169020956,0.1482923543575074,0.464145365695754,0.47076732091855844,0.36776378350760813,0.2546242904689031,0.5175300125877081,0.7208340249081747,0.45767473437024714,1.2894104578338896,1.2904995843371372,-0.5168518946791397,-0.3795584154508416,-1.167027885975127,0.6087717224584086,0.09388763158866086,0.9451018088593883
2019-08-01,,0.32830470802295564,-1.6502829571590953,-0.01952810169020956,0.06678744853915365,0.31902737992294444,0.1762584697096925,0.3766294563930054,0.21788257655562104,0.6108876266897056,0.6821787917009865,0.2117999523620711,0.39476212195047317,0.3283746467075686,-0.7157839660955482,-0.801072691904923,-1.9094425966760038,-1.1037996458552708,0.8762845614941652,-1.127607192975965
2019-09-01,,0.3382292436824574,1.6145815233028487,0.191423614099091,0.3811635138385181,0.3335391785002254,0.20672490259336795,0.3560382161430671,0.2111874197980881,0.5875482231642071,0.7594892581153657,0.38202095529080715,-1.3127479444649957,-1.275166916008379,-0.5867922229455402,0.12601227273276305,0.2174378902841392,0.9216549896911211,0.09388763158866086,0.2070118279358911
2019-10-01,0.8351585753706595,0.20936218626699138,0.18117824398419097,0.22155957349756247,0.2530843761239622,0.18842119272741586,0.16610299208180118,0.33887884926812295,0.2638505430737866,0.5642088196387085,0.9720930407549149,0.26854028667164975,0.38111233109390197,0.3283746467075686,-0.7107583137650285,0.5432181184624678,1.0349087400862291,-0.0385574672978304,0.09388763158866086,0.7523045672379005
2019-11-01,,0.20845074931866833,-0.014333574253885994,0.16128765470061948,0.1366487963834568,0.18842119272741586,0.14579203682601707,0.33201510251814803,0.2627074675298147,0.44751180201120916,0.6048683252866045,0.28745373144150843,-0.953674490976975,-0.9544586034651895,-0.5696212441495975,0.24694624030815096,0.8360621642741933,0.6904541346456955,0.09388763158866086,-0.35735951081533424
2019-12-01,,0.248591951584332,0.1457762175401738,0.5229191674822776,0.02021321664295157,0.23195658845925873,0.18641394733758385,0.3483165010493436,0.22131180318752505,0.0740813456032093,0.5082302422686283,-0.10972860872554499,-0.20367184920161768,-0.1526878221072157,-0.4393730879169599,-0.16206678993080273,0.22156274128075107,0.1642486093675033,-1.4709062282223546,-0.15757599354745722
2020-01-01,-1.087774386616494,0.3513184909680746,-1.6528513970536034,-0.0798000204871526,0.3345892819423159,0.3625627756547874,0.34890158938385524,0.26394961391420857,0.1498695816894747,0.5642088196387085,0.3922645426470581,0.06049239420319373,-1.5600918226938074,-1.5958752285515687,-0.5336040691142057,0.35075322196554726,0.07549208219034212,0.15037695924787392,-1.4709062282223546,-0.11753506537083228
2020-02-01,,-0.11514734387500034,0.5301977465121879,0.6434630050761636,0.00856965866890087,-0.10181477881820321,-0.07762847098760524,-0.19830466373358324,-0.022791979226995177,0.6108876266897056,0.5468854754758193,0.1172327285127724,0.7019933552406112,0.6490829592507581,-0.8937758194681241,-0.10045500392902823,-0.485517263883045,-0.11333670242184446,-0.6885092983168435,0.4304276581789162
2020-03-01,,-3.963015141644127,0.7300938724552083,-2.4605408129664013,-1.9242609650234879,-4.339259963384242,-4.1093530892606935,-1.3390879725246123,-0.5086154150643385,-2.143161989319278,-1.6178075841268462,-2.0956403095608174,0.006692259709000998,0.007666334164379062,-1.8159830221185058,-0.44106458333001636,-0.7025720999646369,-5.45788733465933,0.8762845614941652,-0.09603909121539947
2020-04-01,-1.3865690677257623,-3.7633724734221903,-0.303500215855058,-5.534408671610495,-1.4585186460614663,-3.8748824089112515,-3.7031339841450173,-2.8861955559327086,-1.1539713727131375,-5.760769535771757,-5.483330904845891,-4.630041908722023,0.424976045378907,0.4887288029791633,-2.2197104260035956,0.5718997150911114,0.5409865722061307,1.1300049123876372,3.223475351210692,0.46213192434286315
2020-05-01,,-2.556731224616471,-0.1491317312763346,-3.7865230264991476,-0.8064793995146365,-2.423702551183156,-2.474321191170095,-3.332339094681228,-1.2877683651346798,-3.5201867973237686,-3.840483493540297,-3.5141486673002977,-0.5480636172578147,-0.4733961346504053,-1.8980686768503292,0.18475933888543827,-0.35402970175013476,0.665540621204085,0.8762845614941652,-0.439755391935038
2020-06-01,,-1.6830214365321658,0.41434073780238945,-2.249589097177101,-0.6085389139557773,-1.5094592408144556,-1.7532822795897702,-2.7584822014751387,-1.0568915997289388,-1.9797861646407784,-2.0816703826131326,-2.114553754330676,0.18421635216997312,0.1680204904359738,-1.5249139913092344,0.013186445184793153,0.3930615793141959,1.4896656841494473,6.353063070832723,-0.18864335968594992
2020-07-01,0.4088271058882464,-1.0765044533869301,-0.07221207700996764,-1.2551024370275414,-0.66675670382603,-0.9434990963004986,-0.808822860195823,-1.9088552166255093,-0.8150739684023507,-1.0228706200952853,-1.0379790860189895,-1.5093235216951666,1.4418723357654777,1.450853740608732,-1.4042983353767595,-0.16269011581379716,-0.5484753910689917,0.3465089470125398,0.8762845614941652,-1.6950661038324155
2020-08-01,,-0.9281111252383244,-1.63776057271392,-0.32088769567492464,-0.5386775661114742,-0.8709401034140938,-0.4432256655917134,-1.2680005287543525,-0.6856533223491541,-0.6961189707382857,-0.7094096037578702,-1.131054626297972,-1.1372812093586577,-1.1148127597367845,-1.3435717030496455,0.013222763255545342,-0.025807906856327438,-0.44982703304376404,0.09388763158866086,-0.9400024285419393
2020-09-01,,-1.0147976402162593,1.6407560991202852,-1.2852383964260128,-0.7482616096443839,-1.0160580891869033,-0.7478899944284707,-0.9675114158293077,-0.6004452053715994,-0.5560825495852878,-0.1875639554607986,-0.6582185070514784,-0.6800573395462413,-0.6337502909220001,-1.4763326854475431,-0.10157668606210732,-0.13488030272213583,-0.5450421953453368,-0.6885092983168435,1.7156736895676694
2020-10-01,0.9979927076210818,-0.795746428533674,0.14060809478068956,-1.5564620310122566,-0.18937082688995813,-0.783869311950408,-0.5854023523822007,-0.8431822698387444,-0.488889197105568,0.027402538552208887,0.1216779101967239,-0.6014781727418971,0.5659106000425091,0.4887288029791633,-1.5022985558218955,-0.5456871249766339,-0.5300938107326625,0.2053208131531815,-0.6885092983168505,-1.4105013970732878
2020-11-01,,-0.29047110207720706,0.04420952172383143,-2.43040485356793,0.26472793409801276,-0.23242096601373177,-0.21980515777809254,-0.6606447382157363,-0.22002966433880802,0.16743895970521008,0.23764360981829413,-0.35560339073372105,-1.5854584093838966,-1.5958752285515687,-1.3867085522199405,-0.07379644254118761,0.00028999205224950603,1.264832803878427,-2.253303158127859,0.2510546874706262
2020-12-01,,-0.11519797926101807,0.14538574756794354,-3.545435351311376,0.27637149207206324,-0.07279118166364126,-0.1588722920107402,-0.3893456149412752,0.05919919657681891,0.027402538552208887,0.295626459629082,-0.46908405935288106,0.04846912730446037,0.007666334164379062,-1.1086224565978453,-0.37576609918342346,-0.06880245649132352,0.8813677053150036,-0.6885092983168435,-0.05028671004317809
2021-01-01,-0.7264991553535828,-0.14813629786564061,-1.7011150795373888,-3.8769309046945626,0.1599359123315579,-0.14535017455004604,-0.30104897880122755,-0.16074471624065095,0.22784366343877133,0.49419060906220624,-0.03294302263203735,-0.7338722861309158,-0.6512146102216064,-0.6337502909220001,-0.9126220157075734,0.8258598242985529,0.18099611834007726,0.900288333119268,-1.4709062282223546,-0.7762623252397931
2021-02-01,,0.3368241117204618,0.37681394933908463,-3.6358432295067904,0.6373217892676298,0.37707457423206825,0.1762584697096925,0.05946715865446489,0.377178318432975,0.12076015265420968,-0.09092587244282248,-0.6771319518213371,1.1006951265444944,1.1301454280655425,-0.6022879842979761,0.049287975038401384,1.0538069440515105,0.46229946384020987,0.09388763158866086,-1.0143198431772018
2021-03-01,,0.7227543651021224,1.0771988647989712,-0.17020789868256708,0.8934800646967416,0.768893135818654,0.45045636566277436,0.3918822269485022,0.6418003068617375,0.47085120553670773,0.4309197758542464,0.003752059893612367,0.13372570864433758,0.1680204904359738,-0.46701417573481857,0.03951376073022315,0.5385304973850366,0.3780903330283756,-0.6885092983168505,1.7056966329764671
2021-04-01,1.958800659671862,1.0126799265939121,-0.2125350274933634,3.5666510667279,1.0914205502556007,1.044617308786992,0.7754316497553158,0.7639544986868556,0.9432456574569138,0.6809058372662079,0.3342816928362703,-0.07190171918582497,0.4113914627023513,0.4887288029791633,-0.48460395889163793,-0.13792586284239172,0.36796770891561675,0.9076661251761123,-0.6885092983168435,-1.0542222671762933
2021-05-01,,1.3865336404103124,-0.21844387334192186,3.2652914727431845,1.7434597968024306,1.421924071796297,1.262894575894127,1.100754738515611,1.2142362096306474,0.5175300125877081,0.23764360981829413,-0.034074829646104955,-0.16223803901617037,-0.1526878221072157,-0.3476549328849732,0.017338426329203776,0.3912084844336534,-0.23866939626420472,-0.6885092983168435,-0.1585594546743864
2021-06-01,,1.5092484984246068,0.5751047750468616,2.120125015601267,0.9749849705150954,1.5235066618372637,1.3339829192893708,1.3575732627439354,1.3599783414866604,0.7042452407917064,0.256971226421891,-0.07190171918582497,-0.0014285568589614364,0.007666334164379062,-0.13699633936401917,-0.08783199963357194,0.017931078269187148,0.5096383574275676,-1.4709062282223546,0.28173952460788654
2021-07-01,-0.608418494065653,1.2706292418154201,-0.049532755829408276,0.6434630050761636,0.7537573690081352,1.2332706902916446,1.1105624114757484,1.4672025511116247,1.189905030194746,0.7976028548937072,0.17966076000750902,-0.29886305642414235,0.5080288757875913,0.4887288029791633,-0.08171416372830115,-0.06617284196397416,-1.0274061817860058,0.2608696213902042,-0.6885092983168505,-1.3411540266738586
2021-08-01,,1.4611955170936537,-2.0209392959126498,0.914686639662407,0.9284107386188931,1.450947668950859,1.242583620638343,1.472350361174116,0.9404696168501332,0.4008329949602088,0.025039827178747774,-0.2799496116542837,0.3880393892833252,0.3283746467075686,-0.2647316694313971,-0.010492803415482211,-0.3385694039172429,0.9507036674702927,0.8762845614941721,0.30583283399417543
2021-09-01,,1.5689096420001578,1.8247059956211455,1.3064541118425366,0.22979726017586108,1.5670420575691066,1.2527390982662343,1.5208732375038159,0.6571501784521738,0.4008329949602088,0.0443674437823419,-0.2799496116542837,-0.19297417109044532,-0.1526878221072157,-0.07291927214989179,-0.16769127613128365,0.7629966935131989,0.32594452603785473,-0.6885092983168505,0.3896814660435133
2021-10-01,0.9259487066451456,1.612202897045432,-0.014550733076544675,2.752980162969169,-0.5852517980076763,1.6105774533009494,1.0496295457083962,1.5609117602120188,0.21771928004933438,0.7042452407917064,0.21831599321470002,0.1550596180524924,1.690826953654779,1.7715620531519214,0.30609867444347627,-0.24226507937813918,1.090116564053244,-0.033221559469091305,-1.4709062282223513,-0.6034297214983976
2021-11-01,,1.3279105222481298,0.35988823034245243,2.933795919359998,-0.4222419863709688,1.2913178846007685,0.5824775748253689,1.517250704496885,-0.2060351537504954,0.7509240478427068,0.4502473924578433,0.8170301849975833,1.1003369522713131,1.1301454280655425,0.18548301851100088,-0.8498383054090117,-0.7349578681623737,0.4740698253400725,-1.4709062282223513,2.581771649971473
2021-12-01,,1.1565350582706655,0.3552339594926096,1.4872698682333658,-0.3523806385266657,1.1171763016733969,0.4301454104069902,1.3706334475320867,-0.4242237806181939,1.0309968901487059,0.5662130920794135,1.2709528594742154,0.8771941262813555,0.8094371155223528,-0.08506459861531428,0.35976304006054294,-0.373129274682374,-0.7779242943005878,0.8762845614941652,-1.6685567409455604
2022-01-01,-0.021657243898706522,1.100139897093269,-2.3305749270627496,3.3255633915401277,-0.7715487255924849,1.073640905941554,0.28796872361650294,1.2319285652929621,-0.6288587974645399,0.9843180830977055,0.6435235584937955,0.7981167402277219,0.421006412132089,0.4887288029791633,0.3848338942882861,0.35044034596511786,0.7986272589281378,-0.43051114276055774,-1.4709062282223513,-0.8947154511959144
2022-02-01,,1.143078704436419,0.9732356355640372,3.898146620111086,-1.7263204794646287,1.1316881002506778,0.389523499895422,1.1739680371820418,-1.0203703360991367,0.937639276046705,0.5275578588722225,0.6278957372989858,0.7240880321356056,0.6490829592507581,0.8132707554650985,0.27602153068913593,2.8047961027520256,-0.8439181552708541,-1.4709062282223546,1.6288139695172443
2022-03-01,,1.284541314123828,0.8422568136949533,2.6324363253752825,-2.1338450085563974,1.2913178846007685,0.40983445515120615,1.190650754977124,-1.5314149173316183,0.5642088196387085,0.21831599321470002,0.7413764059181432,5.417445751401264,5.459707647398601,1.643759803083494,-0.12539156368619014,0.840869811578503,-1.3962128882171754,-0.688509298316847,0.36087607948729306
2022-04-01,1.3659950397133012,1.122596690792191,-0.3634327898015685,2.6324363253752825,-1.6564591316203257,1.102664503096116,0.2778132459886116,1.2103840268833002,-1.8768360170683347,0.8442816619447043,0.4695750090614374,1.1763856356249167,0.16037825409362605,0.1680204904359738,1.2329127250635008,0.45146595391287303,3.061713255456085,0.3360814975501802,-0.6885092983168435,-2.3570003985670125
2022-05-01,,0.9485248925092759,0.21502941138040918,1.5776777464287803,-2.273567704245004,0.9140111215914636,-0.006540127592361579,1.138791335088405,-2.009179670583977,1.0543362936742044,0.7594892581153657,1.3276931937837941,-1.3294156919083213,-1.275166916008379,1.508904798881213,0.5630085148292617,0.7847430731840176,-0.9083933909906265,0.8762845614941652,3.1967903806196865
2022-06-01,,0.9432714712099225,0.3003043168951553,1.2763181524440652,-2.1222014505823474,0.9285229201687445,0.034081782919205196,1.0038996454881477,-2.190863363472495,0.9142998725212066,0.5855407086830103,0.9305108536167406,-0.30882430600160365,-0.3130419783788105,1.8318029611171092,1.1161267205740515,4.233712780001434,-0.7038191504418366,0.8762845614941687,-1.886663060238254
2022-07-01,-0.6386080289977708,0.6041156556622647,-0.1175557418185855,0.49278320808380605,-2.3900032839855094,0.5657279557367206,-0.4635366208474975,0.8330686152664939,-2.3726695287407167,0.7509240478427068,0.4115921592506523,0.8926839640770206,3.0506008178794284,3.0543953033246796,1.364417294378769,1.3793014149095442,-2.2914342052998675,0.30795834533065847,1.6586814913996766,-0.17357997986840956
2022-08-01,,0.3317479142721696,-1.9326912356458026,0.311967451692977,-3.2166959001430975,0.2900037827683825,-0.8799112035910667,0.5932187982811769,-2.644411244843339,0.9142998725212066,0.952765424151318,1.7248755339508501,2.8006283879957476,2.894041147053085,0.9322111939540665,1.2447879274971643,-0.3916473263205242,0.9817201519739231,1.658681491399673,0.9973061186632686
2022-09-01,,0.21442572486877864,1.7975311297584058,0.2818314922945055,-2.809171371051329,0.18842119272741586,-0.8900666812189579,0.3770107756568921,-2.8980107190981226,1.2177121183527042,1.2426796732052463,1.5168276414823914,3.450854072495296,3.535457772139464,0.5787403133741745,2.584204677927759,4.611499446613045,-1.7617626711362167,0.09388763158866086,-0.374921143500451
2022-10-01,1.0541643985750815,0.28856858884543574,0.1243601635259864,-0.2907517362764531,-2.4598646318298125,0.2900037827683825,-0.7986673825679302,0.2680487960010012,-2.830242668991406,0.9142998725212066,0.8947825743405329,0.9872511879263193,1.4009734352911982,1.450853740608732,0.7031252085545393,1.606234850424766,1.4653988793561792,-0.5067401347284785,-0.6885092983168435,1.5518736173573469
2022-11-01,,0.339862234881532,0.2726012484325286,0.4023753298883915,-1.9359045229975385,0.3480509770775063,-0.6361797405216603,0.27300594643152887,-2.5243719830759956,1.0309968901487059,0.8367997245297477,0.835943629767442,-5.261570140548525,-5.1236666665266535,0.6168515102139495,4.7980535714924875,0.5745003864204402,1.488581560674427,-0.688509298316847,1.1351204303761893
2022-12-01,,0.33419107164753353,0.2899855108836371,2.3310767313905676,-1.819468943257033,0.3335391785002254,-0.5752468747543094,0.3256280048480349,-2.1121952715715033,0.7976028548937072,0.4115921592506523,0.6278957372989858,0.45032680769425865,0.4887288029791633,0.19092747520239772,2.1679104610660564,0.01344459572411077,0.26249719337866995,-0.688509298316847,-0.5594685096084431
2023-01-01,-0.9155145867853927,0.37828183402258686,-2.180909618344151,1.1557743148501791,-1.1907168126583043,0.37707457423206825,-0.2807380235454434,0.37167230596246414,-1.7220227642884083,0.7976028548937072,0.21831599321470002,0.4198478448305271,-2.545067996962911,-2.558000166181137,0.2826456302343838,1.8170855704154971,0.3608312469259665,0.6331452042121769,0.8762845614941687,0.2872740365512374
2023-02-01,,0.4315122835738678,0.9435783926363427,0.2818314922945055,-1.0509941169696975,0.4351217685411921,-0.20964968015019977,0.3912149182367038,-1.3538299667507607,1.077675697199703,0.31495407623267613,0.2117999523620711,1.2971911267141856,1.2904995843371372,0.26673106452107076,4.205591249622643,1.5966941823213479,0.5210569329647958,-0.688509298316847,0.1478871663338881
2023-03-01,,0.19851355481266347,0.7736166901276935,0.191423614099091,-0.9927763270994449,0.17390939415013493,-0.37213732219647117,0.3525110129521113,-1.1501175751649066,0.8442816619447043,0.295626459629082,-0.20429583257484368,0.03875062922558555,0.007666334164379062,0.09167084167463166,1.6061676453046991,0.08762181659707226,-0.5434258258365036,0.09388763158866086,-1.0066569810996182
2023-04-01,1.1076731493698744,0.06727929310086285,-0.6041663607636741,-0.1400719392840956,-1.3071523923988095,0.043303206954606335,-0.5346249642427412,0.22219515451850855,-1.1197852491231675,0.5642088196387085,-0.11025348904641935,0.13614617328263107,1.3414932141697278,1.2904995843371372,0.32536367504380187,0.4631752947203733,0.025831472457274213,0.4042478811654284,-0.688509298316847,0.1281999289766543
2023-05-01,,-0.054954528746263956,0.4065836203517469,-0.2907517362764531,-1.2372910445545062,-0.07279118166364126,-0.6057133076379848,0.06432897926903103,-1.1986492968316893,0.7976028548937072,0.4115921592506523,0.5522419582195458,0.009049551465132888,0.007666334164379062,-0.026850792453460004,1.437663155800998,-0.07690212021442606,-0.19023176293289448,0.8762845614941687,1.6181636235251722
2023-06-01,,-0.21589910320404723,0.33798002175510805,-0.1400719392840956,-1.2023603706323547,-0.23242096601373177,-0.7174235615447953,-0.09906632530682459,-1.2320107730649557,0.6809058372662079,0.14100552680031803,0.003752059893612367,-0.855958083685454,-0.7941044471935947,-0.06077394568446869,1.8081725229335308,0.17117941999644035,0.1611128013096144,0.09388763158866086,-0.24478699951870475
2023-07-01,-0.985761709009609,-0.4277575583027928,-0.2426719232944998,-0.4414315332688106,-0.9927763270994449,-0.4500979446729461,-0.7072680839169039,-0.2645588858340505,-1.2060629582168558,0.3308147843837098,-0.013615406028443225,0.1550596180524924,1.339624983533234,1.2904995843371372,0.15742312633226532,0.6645686750171436,0.2754702941987468,0.1694100626522567,0.8762845614941687,-0.8208033262069301
2023-08-01,,-0.47158248490125604,-1.7722029350540518,-0.0798000204871526,-1.1092119068399502,-0.47912154182750805,-0.6869571286611198,-0.40393107678498713,-1.1429325288885253,0.23745717028170904,0.06369506038593876,-0.09081516395568633,0.4086482512270881,0.3283746467075686,0.41134421033177787,0.7270654365598481,0.8703404404616432,-0.5974843738036277,0.09388763158866086,1.2163014056785666
2023-09-01,,-0.4667670596909559,1.4846179745456693,-0.38115961447186764,-1.0975683488658998,-0.464609743250227,-0.6971126062890112,-0.4629974307611805,-1.090832778559502,0.16743895970521008,-0.32285727168596573,-0.6960453965911958,-0.9884550233731423,-0.9544586034651895,0.739561187950808,0.7553368748119633,0.7970251960210375,-0.6399509436218231,0.8762845614941687,-0.5290939178828068
2023-10-01,0.873639913816,-0.26411285188560785,0.335722229368043,0.4023753298883915,-0.7133309357222322,-0.23242096601373177,-0.42291471033593075,-0.46214899539903215,-0.9723856577283959,0.19077836323070863,-0.1682363388572045,-0.48799750412273973,0.40847936073722146,0.3283746467075686,0.6164745862891611,0.6308048504209398,0.4947552744630335,-0.3914994707176121,-0.688509298316847,0.886962745658406
2023-11-01,,-0.6425212186743143,0.01337033789441506,-0.23047981747951013,-0.3523806385266657,-0.6677749233321604,-0.5447804418706325,-0.45192963912683765,-0.7560504462069977,0.2141177667562105,-0.11025348904641935,-0.6960453965911958,-1.9875507752987605,-1.9165835410947583,0.28654051079053683,0.6163061188943725,-1.0746794526236016,0.677245470496814,-0.688509298316847,-0.5941686929098077
2023-12-01,,-0.4209154517671301,0.19922798061348182,-0.32088769567492464,-0.5852517980076763,-0.4065625489411033,-0.3518263669406871,-0.4990225682169656,-0.5626992179446823,0.3774935914347069,-0.1682363388572045,-0.48799750412273973,-0.24539538544224393,-0.3130419783788105,0.06352718862372096,-0.05119040664552433,-3.1171449403841334,0.8286789271479441,0.8762845614941687,0.18241003450348153
2024-01-01,-0.26206954592089715,-0.3920001145816284,-2.056846032670553,-0.01952810169020956,-0.4222419863709688,-0.37753895178654134,-0.17918324726652432,-0.47192983451775217,-0.47614390479030894,0.0740813456032093,-0.2648744218751806,-1.2067084053774093,0.5260948815343024,0.4887288029791633,0.16274194171539916,0.7052690431850513,0.6345399294630076,0.050684419718875495,0.09388763158866086,1.9785083550878144
2024-02-01,,-0.4494573529807484,0.9586550211983936,-0.17020789868256708,-0.18937082688995813,-0.4500979446729461,-0.2807380235454434,-0.427973256373093,-0.39056020584831574,0.14409955617970824,-0.20689157206439548,-0.5636512832021797,0.7475522864845401,0.8094371155223528,0.3108730441574697,-0.054616749176730185,0.951936392514539,1.3723515052099338,0.8762845614941687,-1.5827692974539425
2024-03-01,,-0.26466097993925075,0.5305572214870338,-0.0798000204871526,-0.36402419650071616,-0.24693276459101274,-0.20964968015019977,-0.37094696045870934,-0.323673956875508,0.0040631350267103464,-0.45815058791113283,-0.8095260652103559,0.47891683899936366,0.4887288029791633,0.38135781809301,-0.2730177431250827,-0.08551852499915885,0.3981922471940542,-0.688509298316847,-0.057537703316102806
2024-04-01,1.0707420689640241,-0.13668004177909798,0.03736851159858986,-0.1400719392840956,-0.34073708055261515,-0.11632657739548417,-0.08778394861549657,-0.2651308647298874,-0.3353251625986835,0.14409955617970824,-0.05227063923563422,-0.4501706145830197,0.7355144211489062,0.8094371155223528,0.5743009871488823,-0.42965682931560256,0.809207262182208,0.2533069517337365,0.8762845614941687,1.1442741239261758
2024-05-01,,-0.0983490545635737,-0.037266350434823244,-0.20034385808103858,-0.4222419863709688,-0.08730298024092223,-0.037006560476037016,-0.16713181391076407,-0.3556964017572608,-0.08929447907529045,-0.516133437721918,-0.6960453965911958,0.025416919963241524,0.007666334164379062,0.23678655271839077,-0.4695378031970812,0.36777042980401825,0.6149224303801645,-0.688509298316847,-1.1381088593814306
2024-06-01,,-0.16836513457977634,0.015259334265986385,-0.5921113302611681,-0.3058064066304635,-0.17437377170460797,-0.04716203810392979,-0.1224221302199452,-0.3526835812163785,0.0040631350267103464,-0.5934439041363,-0.9797470681390918,-0.03699369254723914,0.007666334164379062,0.2602395969274832,-0.5237869828302303,-0.11023922787108598,0.2940350375590278,0.09388763158866086,0.5174411908770538
2024-07-01,-1.0215613872439353,-0.09317158634324785,0.16120960058465422,0.04074381710673347,-0.24758861676021082,-0.08730298024092223,0.034081782919205196,-0.1281419191782599,-0.28760992346329933,-0.13597328612628753,-0.5354610543255148,-0.8473529547500759,2.031994728336555,2.092270365695111,0.37503387224377277,-1.2454901262421587,-0.39905969145331427,-0.09350834773287153,0.09388763158866086,1.4986552567844538
2024-08-01,,-0.15912417663151687,-1.7396771787474252,0.04074381710673347,0.06678744853915365,-0.159861973127327,0.09501464868655751,-0.14816118053236133,-0.2018139390631312,0.0040631350267103464,-0.47747820451472694,-0.5069109488925984,0.20136024820284923,0.1680204904359738,0.18937789906715388,-0.771681182482615,-1.164798035636941,-0.6746560203248241,0.8762845614941687,-2.1648008103642717
2024-09-01,,-0.3429053101833579,1.4166644410301052,0.2818314922945055,-0.34073708055261515,-0.3630271532092603,-0.1284058591270648,-0.19754202520580974,-0.16234517349495695,-0.18265209317728795,-0.3615125048931567,-0.6582185070514784,-1.0747110359536476,-1.1148127597367845,-0.08577656602880442,-0.11292501201014693,-0.0968456035547429,-0.03574010156403012,0.09388763158866086,0.6792559009647429
2024-10-01,1.0826544443922388,-0.17022598501593347,0.5017087308825663,-0.20034385808103858,-0.5619646820595752,-0.159861973127327,0.003615350035529753,-0.23176542913972287,-0.2881488019340245,-0.1593126896517894,-0.612771520739894,-0.5258243936624598,0.48131649182935154,0.4887288029791633,-0.028442249024791134,-1.9945380030708384,0.3723680096977399,-0.02055439984003624,0.09388763158866086,0.46486924820615894
2024-11-01,,-0.0738288688844236,-0.03556057431080934,-0.1400719392840956,-0.5037468921893224,-0.05827938308636033,0.003615350035529753,-0.17313759231699044,-0.4553970836672816,-0.11263388260078899,-0.651426753947085,-0.8095260652103559,-1.257461472053348,-1.275166916008379,-0.08150476154786301,-1.0740238193105798,0.33527234501349873,-0.8022064162076298,0.09388763158866086,-0.808428599697129
2024-12-01,,-0.049536542442352456,0.11111486879726433,0.07087977650520494,-0.7249744936962826,-0.04376758450907937,-0.08778394861549657,-0.08552949143881133,-0.6012698527283146,-0.29934911080478727,-0.7673924535686554,-1.1121411815281106,-0.12595777764533744,-0.1526878221072157,-0.10504156662913061,-0.714693593311628,-0.3946124219843638,0.24520200764448144,0.09388763158866086,0.5518971882623283
2025-01-01,-0.8149677432291319,0.02199859915438619,-1.6418110732676439,0.13115169530214793,-0.9927763270994449,0.028791408377325398,-0.006540127592361579,-0.023469781241098223,-0.7834026110091096,-0.08929447907529045,-0.651426753947085,-0.9040932890596545,-0.650343992375945,-0.6337502909220001,,-1.0403181646422344,1.6807300811452144,0.25025646924137396,0.8762845614941652,-0.5454665382569848
2025-02-01,,0.025062040008467963,0.6062985097820567,0.311967451692977,-1.0277070010215965,0.028791408377325398,-0.006540127592361579,-0.00039996577590283635,-0.9743615454543996,0.0740813456032093,-0.47747820451472694,-0.6960453965911958,1.451943212152514,1.450853740608732,,-0.8082629821579675,-0.2939404017805638,0.6851275797962056,0.09388763158866086,0.44338010032489383
2025-03-01,,-0.18412539847783646,0.4758489623880041,0.16128765470061948,-1.272221718476658,-0.20339736885916984,-0.26042706828965934,-0.05044811916114966,-1.1062479687524482,0.3541541879092084,-0.2262191886679896,-0.6771319518213371,0.3299727093920444,0.3283746467075686,,-1.096494099395616,0.8236166451626521,-0.6133670335845433,0.8762845614941687,-1.3024063798148722
2025-04-01,1.0679225213293848,-0.2768514491230516,0.11810938488334362,-0.1400719392840956,-1.0626376749437483,-0.29046816032285555,-0.33151541168490295,-0.17676012532392127,-1.1660553141779564,0.0740813456032093,-0.651426753947085,-0.6960453965911958,1.354523807942756,1.2904995843371372,,-1.7284841162927789,-0.2310875029969561,-1.4756030444089858,-0.688509298316847,2.0125012107928524
2025-05-01,,-0.39466733354011874,-0.0747654356663135,0.010607857708261939,-0.8879843053329902,-0.4065625489411033,-0.30104897880122755,-0.30135619479920933,-1.087721980114843,0.027402538552208887,-0.4388229713075387,-0.48799750412273973,-1.1682608442709517,-1.1148127597367845,,-0.7420601083380068,0.25631432743586763,1.4882298570765222,0.09388763158866086,-1.0797522403900144
2025-06-01,,-0.4682025728845629,0.0718986132879334,0.10101573590367648,-0.66675670382603,-0.47912154182750805,-0.32135993405701163,-0.37847801592048264,-0.9428698142180553,0.12076015265420968,-0.574116287532703,-0.2610361668844223,-0.3567060867853571,-0.3130419783788105,,-0.26092585465713347,-0.11894727652266723,-0.014815353330779124,0.09388763158866086,-0.37753525847681857
2025-07-01,-0.9788770931924717,-0.17454265167395586,0.1340927365145862,0.10101573590367648,-0.7133309357222322,-0.14535017455004604,0.044237260547097965,-0.3596027123580415,-0.8043127286384236,0.19077836323070863,-0.45815058791113283,-0.22320927734470233,1.7491118904107905,1.7715620531519214,,-0.2942526209401666,0.5455168370649326,-0.31707611487369064,0.09388763158866086,0.9645624390519472
2025-08-01,,-0.10752671827931234,-1.823392558058959,0.13115169530214793,-0.6551131458519796,-0.08730298024092223,-0.026851082848145687,-0.23624593049040227,-0.7119930488123142,-0.11263388260078899,-0.554788670929109,-0.39343028027344107,0.045372003031794096,0.007666334164379062,,0.33696425268124774,0.3232270877782885,-0.41917765722137973,0.8762845614941687,-1.0273212385730441
2025-09-01,,-0.04325775457613566,1.6354907673346257,-0.0798000204871526,-0.41059842839691835,-0.029255785931798433,-0.006540127592361579,-0.13357571868864937,-0.5848014000698565,,,,-0.3914001722521402,-0.4733961346504053,,0.27831767204534125,0.07518939683918548,0.3459668624706413,0.8762845614941687,0.5595972712406901
2025-10-01,,-0.13866748068029858,0.4319632023969804,-0.01952810169020956,0.00856965866890087,-0.14535017455004604,-0.037006560476037016,-0.08943801389365384,-0.3605952969456984,,,,0.23304040945437043,0.1680204904359738,,-0.19465226340690428,-0.4687108380607124,0.9971057677061033,0.09388763158866086,-1.2205646960552
2025-11-01,,0.012213310806434582,,-0.1400719392840956,-0.16608371094185714,0.028791408377325398,0.013770827663422528,-0.09715972898737733,-0.06378756712890803,,,,-1.631358868344328,-1.5958752285515687,,0.04391927216577798,0.17581268013698761,-0.4017212168909648,0.09388763158866086,1.0096521998903896
2025-12-01,,,,,,,,,,,,,,-0.3130419783788105,,0.3043327299144591,1.2588354003934794,-0.2106887463943621,,
2026-01-01,,,,,,,,,,,,,,,,0.031493591698770744,0.1274968578851864,0.6640960662565069,,
