date,Industry_proxy,Construction_proxy,Domestic_consumption_by_households_VolumeChangesShoppingdayAdjusted_3,NL_Consumer_confidence,NL_Industrial_confidence,NL_Economic_sentiment_confidence,BusinessLeadIndicator_NLD,ConsumLeadIndicator_NLD,IndustProd_Europe_ImprtWeighted,Exports_Europe,Imports_Europe,CPI_1,MaandmutatieCPI_3,"Crude oil, Brent",ecb_3M_Yield,ecb_10Y_Yield,^AEX,Employment_allGenders_15 to 74 years_SeasonallyAdjusted_8_UnemplyRate,Bankruptcies,GrossDomesticProduct_1
2005-01-01,48.41005,36.7,-0.4,-9.0,-3.4,96.9,100.2201,99.37363,95.1,90.8,98.1,83.58,0.4,44.28333333333,2.076925514523857,3.635146793748815,354.0657145182292,7.0,797.0,174026.0
2005-02-01,48.224,46.8,0.8,-10.6,-3.7,96.1,100.148,99.56783,94.8,87.6,96.4,84.1,0.6,45.557,2.0492100347358533,3.5706658730366327,370.6369979858399,7.2,840.0,
2005-03-01,47.73765,56.1,0.9,-6.9,-4.6,96.7,100.0753,99.67004,94.9,87.8,96.4,84.88,0.9,53.08409090909,2.0542614693351955,3.7342883053807534,372.7299993605841,7.1,988.0,
2005-04-01,48.3572,60.4,0.0,-11.5,-3.3,97.0,100.0144,99.70804,96.1,91.7,100.0,85.03,0.2,51.85714285714,2.0358724814572997,3.547107947780185,362.0504789806547,7.1,819.0,175622.0
2005-05-01,47.443615,57.5,0.3,-12.4,-5.1,96.2,99.98723,99.55969,94.9,91.5,99.5,84.98,-0.1,48.66590909091,2.027259942242707,3.472984169761935,358.9554554332386,7.2,831.0,
2005-06-01,47.472285,70.5,1.6,-9.0,-5.0,97.3,99.94457,99.44107,95.8,92.6,98.8,84.7,-0.3,54.30681818182,2.03000386330977,3.238843424588426,377.3336334228515,7.0,904.0,
2005-07-01,48.498705,59.0,1.3,-13.4,-3.0,98.6,99.99741,99.39711,96.1,91.7,97.5,84.57,-0.2,57.57904761905,2.0427413317329006,3.2673792104796617,392.4338059198288,7.0,814.0,177755.0
2005-08-01,49.3885,41.2,1.8,-13.2,-1.4,99.3,100.177,99.28878,94.9,92.5,98.9,84.96,0.5,64.09,2.062937666550541,3.2770278445461147,393.1213047193445,6.9,798.0,
2005-09-01,50.19875,67.5,2.0,-10.0,0.0,100.9,100.3975,99.33385,96.2,94.0,100.7,85.73,0.9,62.98181818182,2.03917015323068,3.114675214283319,395.9877263849432,6.9,828.0,
2005-10-01,50.2955,65.7,1.5,-7.6,0.0,103.2,100.591,99.57227,96.1,93.1,100.2,85.66,-0.1,58.5219047619,2.050271679180963,3.19519466117104,394.3480951218378,6.9,789.0,178957.0
2005-11-01,50.9187,70.2,2.1,-6.2,1.1,105.3,100.7374,99.86487,97.9,94.5,102.3,85.44,-0.3,55.535,2.226698621019856,3.481829602410901,410.4440876353871,6.8,930.0,
2005-12-01,52.09575,83.2,1.2,-5.4,3.3,107.8,100.8915,100.108,97.4,97.7,105.7,84.98,-0.5,56.7475,2.33649529625552,3.3656435245786804,434.3647649855841,6.8,744.0,
2006-01-01,51.6679,38.3,0.2,-4.8,2.3,107.8,101.0358,100.2917,97.7,96.6,102.7,84.68,-0.4,63.57428571429,2.355860228317319,3.3500850859432347,441.8831814852628,6.5,832.0,179989.0
2006-02-01,52.09985,51.2,-0.2,-2.4,3.1,109.0,101.0997,100.4613,98.1,97.2,104.3,85.01,0.4,59.923,2.4442708093903134,3.479172619262405,459.2705017089844,6.5,826.0,
2006-03-01,52.68035,65.3,-0.1,-1.2,4.2,110.5,101.1607,100.6502,98.9,97.5,104.1,85.68,0.8,62.25304347826,2.548364742993782,3.64590643871379,463.5578268299932,6.3,907.0,
2006-04-01,51.96135,59.9,0.6,-2.5,2.7,108.5,101.2227,100.7983,98.8,99.6,105.9,86.07,0.5,70.44210526316,2.56054291748699,3.7847500483762393,470.1383361816406,6.2,776.0,182917.0
2006-05-01,53.24075,67.7,0.9,0.9,5.2,112.4,101.2815,100.8994,99.8,99.2,105.7,86.15,0.1,70.18727272727,2.653587629490974,3.976725375846361,451.6222742254084,6.2,835.0,
2006-06-01,53.8176,73.2,0.1,0.2,6.2,113.3,101.4352,101.0427,100.1,99.5,106.7,85.84,-0.4,68.85772727273,2.7569277504987646,3.9819532256584895,427.028637972745,6.0,715.0,
2006-07-01,53.99475,61.0,-0.8,0.2,6.4,115.0,101.5895,101.1219,99.6,99.0,105.6,85.68,-0.2,73.89714285714,2.807167547865419,3.9896079664158446,440.9780941917783,6.0,729.0,183853.0
2006-08-01,54.54865,45.4,0.8,2.2,7.4,116.0,101.6973,101.1886,99.7,99.6,105.9,86.13,0.5,73.61217391304,2.991634357687411,3.8715202602295538,459.49217290463656,5.9,733.0,
2006-09-01,54.3803,72.5,-0.1,1.8,7.0,115.9,101.7606,101.271,99.8,102.7,107.7,86.46,0.4,62.7719047619,3.1183440210201727,3.735720034426409,473.0885692778088,5.9,736.0,
2006-10-01,53.92735,72.7,-0.5,0.5,6.1,115.3,101.7547,101.3074,99.7,103.9,109.5,86.24,-0.3,58.38,3.1525762932768995,3.726098809351408,489.0631797096946,5.9,712.0,185449.0
2006-11-01,54.46065,77.7,-0.5,3.5,7.2,117.6,101.7213,101.3557,100.8,103.8,109.6,86.1,-0.2,58.48318181818,3.3051650214809114,3.6876589571087823,489.54318098588425,5.9,711.0,
2006-12-01,53.7562,89.8,-0.2,4.4,5.8,117.1,101.7124,101.4987,102.4,105.9,112.0,85.79,-0.4,62.31473684211,3.4051932693002755,3.749813628123329,487.0452623869243,5.8,667.0,
2007-01-01,54.34075,43.4,0.5,4.0,7.0,118.7,101.6815,101.6058,101.9,103.0,108.6,85.89,0.1,54.29909090909,3.505003629853491,3.984103094818889,501.2572701194069,5.7,799.0,187544.0
2007-02-01,53.93305,58.6,1.8,2.7,6.2,117.5,101.6661,101.6284,102.3,102.8,111.0,86.28,0.5,57.757,3.577795098789881,4.015326928109635,506.3579956054688,5.7,661.0,
2007-03-01,53.14895,74.6,1.7,4.8,4.7,117.3,101.5979,101.6244,102.9,102.6,108.8,87.22,1.1,62.14363636364,3.66459198655428,3.9242996342397487,493.1345492276278,5.5,692.0,
2007-04-01,53.4536,66.8,1.2,3.4,5.4,117.4,101.5072,101.6772,101.5,103.1,109.6,87.64,0.5,67.39842105263,3.7088305088027935,4.027098715393004,527.0242020456415,5.3,649.0,188697.0
2007-05-01,52.9828,71.7,0.7,5.2,4.5,115.9,101.4656,101.7095,103.4,103.2,110.3,87.7,0.1,67.47608695652,3.824411995579487,4.251500247439787,535.3490933504971,5.3,729.0,
2007-06-01,53.47025,81.4,1.8,4.2,5.5,116.8,101.4405,101.7377,103.9,102.9,109.7,87.34,-0.4,71.31619047619,3.890553812666687,4.526043665774743,544.0747622535342,5.2,622.0,
2007-07-01,53.3237,67.4,2.8,4.4,5.2,115.2,101.4474,101.6347,103.6,103.3,109.6,86.93,-0.5,77.20409090909,3.921545553076856,4.508271824876886,550.9286388050426,5.3,671.0,190776.0
2007-08-01,52.61655,51.8,1.5,-4.3,3.8,111.2,101.4331,101.3647,104.1,105.3,110.8,87.08,0.2,70.79652173913,3.953870278132984,4.323227041864869,513.4999960194464,5.2,635.0,
2007-09-01,53.51315,75.8,2.4,-2.2,5.6,112.8,101.4263,100.9405,104.1,106.0,110.4,87.59,0.6,77.127,3.916115641465899,4.305621075023851,531.2495025634765,5.2,648.0,
2007-10-01,53.80215,81.5,3.2,-2.8,6.1,112.7,101.5043,100.7223,104.9,105.6,110.9,87.63,0.0,82.85782608696,3.827790106606315,4.3276384879656,548.4478229025136,5.1,745.0,193551.0
2007-11-01,53.6401,84.3,2.3,-4.0,5.7,112.3,101.5802,100.5855,104.6,105.8,110.5,87.76,0.1,92.52818181818,3.8781903520784975,4.183296706032642,508.4086359197443,5.1,624.0,
2007-12-01,53.95395,92.3,3.2,-5.7,6.3,112.6,101.6079,100.4307,104.9,105.2,111.3,87.39,-0.4,91.45,3.8452169740320175,4.244775107654833,510.1747404399671,5.0,477.0,
2008-01-01,53.592,50.8,1.0,-7.8,5.6,111.2,101.584,100.2477,106.2,107.9,112.7,87.63,0.3,91.92045454545,3.8306462803161296,4.137377290691025,464.9231817072088,5.0,710.0,194907.0
2008-02-01,52.52885,69.4,1.8,-6.2,3.6,109.4,101.4577,100.0804,106.3,107.4,111.7,88.22,0.7,94.81666666667,3.838561682746592,4.079566028113748,446.2038080124628,4.7,515.0,
2008-03-01,51.52455,77.4,0.2,-9.9,1.8,105.2,101.2491,99.94637,105.4,105.5,110.6,89.09,1.0,103.2775,3.852466990654233,4.059561756184099,434.7073669433594,4.7,461.0,
2008-04-01,51.18255,80.6,1.5,-10.8,1.3,105.4,101.0651,99.71237,107.5,107.0,110.1,89.42,0.4,110.18772727273,3.891023886727979,4.240391462481711,463.4627283269709,4.8,590.0,195047.0
2008-05-01,51.6472,76.9,2.0,-10.7,2.3,105.0,100.9944,99.46183,103.4,104.1,109.4,89.74,0.4,123.93619047619,3.8832467401467,4.369872998727402,483.9671412876674,4.8,415.0,
2008-06-01,51.5543,88.2,0.1,-19.0,2.1,101.2,101.0086,99.18825,103.8,104.5,107.6,89.58,-0.2,133.04857142857,3.981026119603593,4.518522225208804,454.7571425664993,4.8,554.0,
2008-07-01,50.9774,73.7,-0.2,-13.7,1.0,100.3,100.9548,98.91418,103.3,103.7,108.6,89.72,0.2,133.87304347826,4.21079752251436,4.62741157441256,399.8199993631114,4.7,585.0,194523.0
2008-08-01,49.1489,56.4,0.3,-11.4,-2.4,96.7,100.6978,98.97942,102.3,103.9,107.2,89.89,0.2,113.84904761905,4.251345504509753,4.376043568210957,406.1323808942522,4.7,513.0,
2008-09-01,45.62155,86.1,-0.2,-14.1,-8.9,86.9,100.1431,99.10217,101.9,102.7,107.5,90.28,0.4,99.06409090909,4.180800419750174,4.35361325217772,378.59727616743606,4.8,591.0,
2008-10-01,43.060435,90.2,-0.4,-14.0,-13.2,83.9,99.32087,99.08819,99.8,100.3,105.8,90.07,-0.2,72.84260869565,3.189380950969572,4.247760404538193,275.9760841701342,4.7,561.0,192383.0
2008-11-01,37.90334,84.5,-1.3,-14.2,-22.6,74.2,98.40668,99.04436,95.8,94.5,101.1,89.74,-0.4,53.241,2.745510606409117,4.153034403675051,253.717000579834,4.7,684.0,
2008-12-01,37.411795,96.9,-0.8,-14.1,-22.7,72.9,97.52359,98.99793,92.3,90.7,96.4,89.09,-0.7,41.58090909091,1.9238266973698548,3.713799515134632,245.47714160737536,4.8,668.0,
2009-01-01,35.44051999999999,51.9,-0.2,-13.8,-26.1,69.1,96.98104,98.95508,88.8,85.5,92.0,89.32,0.3,44.86,1.4225282569273228,3.82039272535351,252.11047726585755,4.8,790.0,187988.0
2009-02-01,35.641054999999994,66.0,-1.6,-17.2,-25.4,69.6,96.68211,98.91801,87.0,84.5,91.4,89.95,0.7,43.2425,1.2241955292018152,3.862146702834945,241.66599960327147,4.9,766.0,
2009-03-01,36.025189999999995,82.3,-2.6,-12.7,-24.6,70.1,96.65038,98.94252,85.6,83.3,89.6,90.85,1.0,46.83909090909,0.9411772524397204,3.877168945067568,212.1713638305664,5.0,1040.0,
2009-04-01,37.097570000000005,77.9,-3.0,-8.2,-22.6,74.0,96.79514,99.21881,84.5,84.2,89.7,91.05,0.2,50.84523809524,0.7910597349634012,3.841947407874428,234.3145004272461,5.2,949.0,186244.0
2009-05-01,37.87643,74.9,-3.4,-9.3,-21.3,77.3,97.05286,99.55016,86.9,84.3,88.9,91.17,0.1,57.94095238095,0.7494309905044252,3.967249702047164,257.81900253295896,5.2,758.0,
2009-06-01,39.084095,83.1,-2.6,-9.6,-19.2,78.6,97.36819,99.73425,87.2,85.0,89.8,90.85,-0.4,68.61681818182,0.7700686616292753,4.115701545319243,259.5259087302468,5.3,1023.0,
2009-07-01,41.47506,76.0,-1.2,-5.6,-14.8,86.0,97.75012,99.88944,87.7,86.9,90.5,89.89,-1.1,64.91,0.4948373262134575,3.912939247087967,263.1756538722826,5.5,921.0,186439.0
2009-08-01,42.23042,50.8,-2.9,-4.4,-13.7,88.1,98.16084,100.11,88.1,86.2,91.0,90.14,0.3,72.50476190476,0.4734828779133557,3.820122392077452,290.5271402994792,5.6,775.0,
2009-09-01,42.33174,79.3,-2.4,-6.9,-13.8,85.6,98.46348,100.2669,89.5,87.9,93.3,90.62,0.5,67.68681818182,0.4038299423910634,3.7260588628901856,305.5518174604936,5.7,907.0,
2009-10-01,44.301100000000005,82.2,-2.1,-3.0,-10.1,91.8,98.7022,100.3722,89.4,88.7,94.8,90.7,0.1,73.19409090909,0.4636326628020661,3.687515159173739,314.801362471147,5.8,835.0,187662.0
2009-11-01,44.986155,78.6,-2.3,-1.7,-9.0,94.5,98.97231,100.597,89.9,89.1,94.4,90.61,-0.1,77.03666666667,0.4633394160493992,3.682204089407464,312.5323791503906,5.9,871.0,
2009-12-01,44.98287,85.1,-0.8,0.1,-9.2,95.8,99.16574,100.8012,89.8,90.0,94.8,90.08,-0.6,74.66954545455,0.3809387911801499,3.6283137779516834,325.359545621005,6.1,836.0,
2010-01-01,45.540975,43.1,-1.5,-2.6,-8.2,95.3,99.28195,100.8786,91.1,89.5,95.0,90.05,0.0,76.373,0.3081167495038371,3.680061795578867,335.94749755859374,6.2,789.0,187668.0
2010-02-01,46.10357,51.7,-1.7,-2.8,-7.2,96.6,99.40714,100.7278,90.7,90.0,94.1,90.69,0.7,74.312,0.3175598277683726,3.570295678780295,321.3099990844727,6.2,811.0,
2010-03-01,46.733325,71.2,-0.3,-8.9,-6.1,96.7,99.56665,100.4529,92.4,93.3,97.5,91.77,1.2,79.2747826087,0.3002717183193581,3.505108766318328,338.82738992442256,6.2,996.0,
2010-04-01,47.92839,71.0,0.4,-7.3,-3.9,100.8,99.75678,100.1194,92.5,93.2,96.5,92.08,0.3,84.97857142857,0.3188696215475624,3.470444265910177,352.3365005493164,6.1,778.0,189392.0
2010-05-01,48.07115,66.4,0.4,-6.9,-3.8,101.1,99.9423,99.99983,94.8,95.1,99.7,92.04,0.0,76.25095238095,0.2884747298009785,3.3362866561822253,324.9128577822731,6.1,603.0,
2010-06-01,48.0195,79.3,0.7,-7.3,-4.0,100.3,100.039,100.0162,94.2,95.7,100.3,91.6,-0.5,74.83818181818,0.2339897479695797,3.0820382357741867,327.4913635253906,6.2,990.0,
2010-07-01,48.23675,72.1,0.0,-4.5,-3.6,100.6,100.0735,100.0928,93.7,96.1,99.1,91.34,-0.3,74.73545454545,0.4390495644110926,3.0043672745875365,325.69681895862925,6.2,735.0,189559.0
2010-08-01,48.3013,47.2,1.2,-6.6,-3.5,99.5,100.1026,100.1987,94.8,96.1,98.8,91.48,0.2,76.69318181818,0.4394829895815807,2.8568362523540896,325.1936409690163,6.1,800.0,
2010-09-01,48.8234,72.7,1.7,-5.5,-2.5,101.2,100.1468,100.2128,94.6,97.0,98.9,92.05,0.6,77.78681818182,0.4277432210219706,2.6863645479726355,334.05136663263494,6.0,706.0,
2010-10-01,48.7622,75.9,0.9,-4.8,-2.7,101.9,100.2244,100.2264,95.8,99.5,101.0,92.13,0.1,82.9180952381,0.652572844424633,2.728969974546965,338.43762061709447,6.0,766.0,191197.0
2010-11-01,49.5614,78.4,2.5,-8.8,-1.2,102.0,100.3228,100.2231,96.5,99.0,103.1,92.02,-0.1,85.67,0.7020957886787993,2.919565906781031,341.12090787020594,5.9,870.0,
2010-12-01,50.4392,80.9,0.8,-3.2,0.4,104.4,100.4784,100.2254,97.1,96.9,100.2,91.82,-0.2,91.79652173913,0.5385062762419316,3.32499730161763,350.7577278830788,5.9,647.0,
2011-01-01,50.02295,47.5,1.5,-2.8,-0.6,103.5,100.6459,100.415,96.8,97.7,101.2,91.72,-0.1,96.29428571429,0.5251836760856172,3.366364859581977,359.7314264206659,5.8,726.0,193303.0
2011-02-01,51.63965,60.1,1.6,-4.0,2.5,107.5,100.7793,100.5313,97.7,98.7,101.3,92.41,0.8,103.9555,0.658964983893308,3.546696644331456,368.9634994506836,5.9,784.0,
2011-03-01,51.60725,73.5,1.5,-4.8,2.3,104.3,100.9145,100.5005,97.6,98.9,101.0,93.46,1.1,114.44130434783,0.8016779190093548,3.5523031494580755,360.88652502972144,5.7,884.0,
2011-04-01,50.28985,71.4,1.5,-6.6,-0.3,101.1,100.8797,100.3772,96.8,99.2,101.3,93.96,0.5,123.07,0.934196570251698,3.653416724160326,362.2784231085527,5.8,696.0,193189.0
2011-05-01,49.32335,77.6,1.0,-8.1,-2.0,97.5,100.6467,100.2005,97.6,99.1,101.1,94.03,0.1,114.45818181818,0.9847280342231068,3.541539738896822,352.1218164617365,5.8,893.0,
2011-06-01,47.7671,74.0,1.4,-6.7,-4.8,96.4,100.3342,99.9997,96.1,99.4,100.8,93.57,-0.5,113.75772727273,1.1742219035643418,3.3508728265430183,335.2777279940519,5.7,674.0,
2011-07-01,47.16635,69.9,1.3,-12.8,-5.7,94.4,100.0327,99.70863,97.5,99.5,101.4,94.04,0.5,116.46,1.148302662692118,3.2427572131655142,335.4395243326823,6.0,703.0,192911.0
2011-08-01,47.574865,50.0,0.3,-18.3,-4.7,92.3,99.84973,99.1467,97.3,100.3,102.1,94.19,0.2,110.08130434783,0.7337015222566616,2.827186156226723,289.3752162767493,6.0,799.0,
2011-09-01,46.58621,78.9,-0.9,-23.3,-6.6,89.5,99.77242,98.51486,96.4,99.9,100.5,94.53,0.4,110.87909090909,0.3919328182899601,2.495057633083094,276.97272699529475,6.2,793.0,
2011-10-01,46.55429,74.1,-0.8,-19.0,-6.6,91.6,99.70858,98.06595,95.9,98.6,99.6,94.57,0.0,109.46857142857,0.3736465662125855,2.606047485297472,297.21333676292784,6.4,799.0,191894.0
2011-11-01,47.41062,79.7,-0.2,-23.0,-4.9,91.1,99.72124,97.93275,96.2,99.5,99.8,94.28,-0.3,110.50409090909,0.3179767064897035,2.8896782924468134,291.0745447332209,6.6,1022.0,
2011-12-01,47.097085,87.5,-0.6,-22.5,-5.6,90.4,99.79417,97.8462,95.7,98.1,97.9,94.04,-0.3,107.90904761905,0.0509097650983926,2.764933825525269,301.99476114908856,6.5,758.0,
2012-01-01,47.259585,44.8,-0.6,-19.1,-5.3,91.7,99.81917,97.89702,95.3,97.4,96.0,93.99,-0.1,111.15619047619,0.0622362039396388,2.7328954060507784,316.1419052850632,6.6,1021.0,191722.0
2012-02-01,47.15291,53.6,-0.9,-21.8,-5.5,90.8,99.80582,98.03767,96.1,98.6,98.3,94.7,0.8,119.70238095238,0.1368394955275235,2.646085748707762,325.3490426199777,6.5,944.0,
2012-03-01,46.415405,67.9,-0.6,-16.8,-6.9,91.3,99.73081,98.10461,95.7,98.7,97.0,95.78,1.1,124.92863636364,0.0648243948121499,2.6258669961750405,327.81409246271306,6.5,915.0,
2012-04-01,45.79923,65.8,-1.4,-21.3,-8.0,88.6,99.59846,98.17452,95.4,98.1,97.0,96.17,0.4,120.4635,0.0610418691319589,2.5906265500236465,310.3463134765625,6.8,864.0,191627.0
2012-05-01,45.74213,68.5,-0.2,-23.9,-8.0,87.7,99.48426,98.08816,95.7,99.7,98.2,96.03,-0.1,110.52173913044,0.056416564332642,2.225570799630076,296.6104542125355,6.7,1022.0,
2012-06-01,45.673715,73.7,0.1,-15.6,-8.1,89.6,99.44743,98.12579,95.2,98.3,96.4,95.57,-0.5,95.58904761905,0.0509507751580232,2.1287417607648287,294.548098609561,6.7,891.0,
2012-07-01,46.736235,64.8,-1.5,-17.0,-6.0,90.5,99.47247,98.43594,95.2,98.2,96.5,96.2,0.7,103.14090909091,0.0362120686048748,2.042466877971298,315.9536340886896,6.8,1087.0,190712.0
2012-08-01,45.852955,50.0,-0.9,-15.6,-7.8,89.3,99.50591,98.61773,95.9,100.2,97.5,96.32,0.1,113.34,0.0278298920768092,1.9184388801007657,331.4039147418478,6.8,822.0,
2012-09-01,44.95783,75.5,0.4,-16.5,-9.5,88.0,99.41566,98.62371,94.6,98.0,94.1,96.72,0.4,113.3825,0.0231004245201861,1.9729081320158,333.36899719238284,6.9,890.0,
2012-10-01,45.09358,70.2,-1.7,-24.2,-9.1,85.8,99.28716,98.37357,93.6,98.4,95.9,97.29,0.6,111.97347826087,0.0158950565092017,1.9782336152502653,330.1195665442425,7.0,1092.0,189656.0
2012-11-01,44.96558,75.2,-1.8,-23.9,-9.3,85.7,99.23116,97.96723,93.1,97.2,94.1,96.89,-0.4,109.71181818182,0.0243205650990005,1.857474756869358,331.5209087025036,7.2,967.0,
2012-12-01,45.022595,75.8,-0.3,-18.0,-9.2,88.0,99.24519,97.78899,93.5,97.6,94.5,96.76,-0.1,109.6765,0.0364917014455893,1.811417380604948,342.8415784333882,7.4,833.0,
2013-01-01,46.46624,41.6,-1.5,-26.5,-6.4,87.9,99.33248,97.78844,93.2,97.6,95.6,96.78,0.0,112.97363636364,0.0440827650839237,1.928165702457322,352.0918176824396,7.5,1104.0,189577.0
2013-02-01,46.028215,49.0,-1.2,-23.0,-7.4,88.6,99.45643,97.7026,93.5,96.7,94.2,97.54,0.8,116.5195,0.0367464883415274,1.9817913119650084,343.9419998168945,7.7,1063.0,
2013-03-01,45.484525,61.0,-0.8,-17.4,-8.5,88.5,99.46905,97.90413,94.7,98.2,93.5,98.58,1.1,109.24,0.042113306088948,1.826115014366704,349.6684967041016,7.9,1103.0,
2013-04-01,46.02117,61.8,-0.7,-15.8,-7.4,90.2,99.44234,98.25949,94.8,98.2,94.2,98.67,0.1,102.87545454546,0.0344229214129046,1.6362067131121636,347.07761928013394,8.0,1039.0,190389.0
2013-05-01,46.04148,64.9,-0.9,-19.0,-7.4,90.4,99.48296,98.43898,94.6,97.5,94.7,98.69,0.0,103.02695652174,0.0248409254030709,1.6971157607434606,363.9390896883878,8.1,1185.0,
2013-06-01,46.643105,68.4,-2.0,-20.3,-6.3,88.0,99.58621,98.37976,94.5,97.5,94.6,98.32,-0.4,103.11,0.029196270667337,1.8365189773266477,347.65899963378905,8.3,1047.0,
2013-07-01,48.541945,63.6,0.0,-16.9,-2.7,94.2,99.78389,98.34016,93.5,97.5,95.8,99.15,0.8,107.71608695652,0.0197723381432387,1.951821940846985,362.9856501040251,8.5,1155.0,191346.0
2013-08-01,48.1126,49.1,0.0,-16.8,-3.8,93.6,100.0252,98.49129,94.2,99.0,95.8,99.03,-0.1,110.96454545455,0.0176438044163708,2.081551427578746,371.7145441228693,8.5,878.0,
2013-09-01,48.976,68.8,-1.0,-13.4,-2.2,95.1,100.152,98.76661,94.7,98.7,95.4,99.08,0.1,111.62142857143,0.0191044833900906,2.1433145184583102,375.9033362978981,8.5,879.0,
2013-10-01,48.6112,73.0,1.1,-7.5,-3.0,96.1,100.2224,99.20772,94.2,98.8,95.9,98.8,-0.3,109.47869565217,0.0375689808741559,2.0830767583223477,381.994348940642,8.5,1133.0,192502.0
2013-11-01,48.3557,71.9,2.0,-7.4,-3.5,97.5,100.2114,99.71823,95.3,99.1,96.0,98.31,-0.5,108.07619047619,0.0567041372389333,2.000218974980322,394.6809517996652,8.4,920.0,
2013-12-01,48.64605,78.2,1.6,-4.0,-2.9,97.7,100.1921,100.105,95.0,98.6,96.1,98.36,0.1,110.674,0.0876528050193494,2.0639665988870783,388.4830001831055,8.5,943.0,
2014-01-01,48.66005,45.5,0.4,-2.6,-2.9,99.4,100.2201,100.4444,94.3,99.0,97.4,98.15,-0.2,107.42,0.111668383445411,2.0854560521312595,400.7977294921875,8.6,938.0,192947.0
2014-02-01,49.5878,53.6,0.5,-0.6,-1.1,101.9,100.2756,100.6955,94.9,99.0,95.9,98.57,0.4,108.81,0.1155338622299183,1.9950751036790133,395.3345031738281,8.7,900.0,
2014-03-01,48.81415,59.7,-0.5,-2.2,-2.7,99.7,100.3283,100.8434,94.1,97.2,95.4,99.39,0.8,107.4,0.1442920881650786,1.871235086650377,393.2800016857329,8.7,781.0,
2014-04-01,48.8493,63.6,0.6,-1.9,-2.6,100.0,100.2986,100.8519,95.6,98.9,96.3,99.85,0.5,107.79,0.1500100526235333,1.772309668623088,399.5855026245117,8.6,1040.0,193567.0
2014-05-01,48.78575,63.2,1.0,-1.8,-2.7,100.5,100.2715,100.8232,94.7,98.2,96.4,99.51,-0.3,109.68,0.122430429707747,1.6239104432792,402.6942865280878,8.5,792.0,
2014-06-01,49.0874,65.3,1.1,-2.3,-2.1,100.0,100.2748,100.7553,94.7,98.8,97.7,99.24,-0.3,111.87,0.0904950634535324,1.581120109270596,413.3733302525111,8.3,653.0,
2014-07-01,49.3111,65.9,0.6,-5.2,-1.7,100.7,100.3222,100.6147,95.2,99.1,97.9,100.05,0.8,106.98,0.0458863130973326,1.356987854489043,408.6417395550272,8.2,866.0,193507.0
2014-08-01,49.3471,44.0,1.5,-6.3,-1.7,99.7,100.3942,100.4186,93.5,98.5,97.0,99.98,-0.1,101.92,0.0258203438840529,1.1704244150479397,401.3990493047805,8.1,679.0,
2014-09-01,50.34255,68.9,0.1,-4.0,0.2,101.5,100.4851,100.3026,94.6,100.2,98.7,99.96,0.0,97.34,-0.0224019105961315,1.127319773528667,419.13363370028407,8.0,799.0,
2014-10-01,50.14675,78.2,1.4,-5.5,-0.3,101.3,100.5935,100.293,94.3,99.8,97.1,99.84,-0.1,87.27,-0.0230507868894334,1.0025725008211577,398.51130211871606,8.1,760.0,196123.0
2014-11-01,50.4658,74.6,1.1,-6.5,0.3,102.0,100.6316,100.2619,94.2,99.5,96.6,99.25,-0.6,78.44,-0.0215621516923761,0.9552955814067448,416.2234985351562,8.1,699.0,
2014-12-01,49.7074,83.3,1.6,-3.7,-1.2,101.9,100.6148,100.2732,95.2,100.4,97.4,99.05,-0.2,62.33,-0.0173840822262149,0.756875222801043,419.3176167805989,8.2,762.0,
2015-01-01,49.62275,46.1,2.4,-5.0,-1.3,101.8,100.5455,100.3946,94.8,99.4,97.4,98.15,-0.9,48.07,-0.0741118106154923,0.5124442800822289,433.1314290364583,8.3,671.0,196893.0
2015-02-01,49.9119,54.5,2.3,-0.7,-0.7,103.4,100.5238,100.5395,95.9,100.0,97.5,98.69,0.6,57.93,-0.1294476728985269,0.4607442912195461,464.6550003051758,8.1,679.0,
2015-03-01,50.3907,67.5,2.2,-1.7,0.2,103.7,100.5814,100.7554,96.1,99.3,98.8,99.75,1.1,55.79,-0.1937520778509917,0.3589156338027365,491.0850011652166,8.1,862.0,
2015-04-01,50.84385,64.8,3.1,-0.5,1.0,105.0,100.6877,100.8888,95.6,100.2,97.4,100.39,0.6,59.39,-0.2663814707750741,0.2272683376969049,500.9195022583008,8.1,624.0,197729.0
2015-05-01,51.093,65.7,2.0,0.3,1.4,104.5,100.786,100.9977,96.0,100.9,98.4,100.61,0.2,64.56,-0.2770768191776404,0.6748820787245653,493.1769989013672,8.0,516.0,
2015-06-01,50.77245,80.8,3.1,-0.2,0.7,104.6,100.8449,101.0722,96.2,100.5,98.3,100.23,-0.4,62.34,-0.2535849161448116,0.9555971120899112,482.1127305464311,7.9,650.0,
2015-07-01,51.284600000000005,69.8,2.9,0.8,1.7,105.8,100.8692,101.1006,96.8,101.0,99.1,101.0,0.8,55.87,-0.2618522655520142,0.8807326628382993,486.1243498429008,7.7,583.0,198668.0
2015-08-01,51.5022,48.4,1.7,0.0,2.1,106.7,100.9044,101.1122,95.2,98.3,97.7,100.69,-0.3,46.99,-0.257518170126745,0.8122611346633082,469.9285699753534,7.7,444.0,
2015-09-01,50.651,73.1,3.4,-1.2,0.4,103.8,100.902,101.076,96.1,99.7,99.5,100.5,-0.2,47.24,-0.2657736977047026,0.7758344252654434,429.2668179598722,7.8,562.0,
2015-10-01,51.1707,76.4,3.0,0.5,1.5,106.0,100.8414,101.0345,96.6,100.6,99.6,100.41,-0.1,48.12,-0.3206394780972465,0.6488561868365118,446.6604489413175,7.9,540.0,199135.0
2015-11-01,50.3478,77.7,1.4,-1.1,-0.1,104.3,100.7956,101.0239,96.1,100.1,98.8,99.85,-0.6,44.42,-0.343767055994324,0.6539337742009305,465.8776201520647,7.7,524.0,
2015-12-01,50.56215,84.5,1.5,-0.4,0.4,105.6,100.7243,100.9395,95.6,99.0,99.3,99.73,-0.1,37.72,-0.3971004220875237,0.7070568134696875,441.5238095238095,7.6,683.0,
2016-01-01,50.2463,48.2,0.5,-4.5,-0.2,103.4,100.6926,100.7949,97.5,99.9,99.6,98.71,-1.0,30.8,-0.4529598544743251,0.6208177493121968,416.8375015258789,7.4,502.0,200427.0
2016-02-01,50.64555,59.8,0.3,-5.2,0.6,103.8,100.6911,100.5728,97.0,100.4,101.5,99.3,0.6,33.2,-0.4689412662158001,0.3386248087903781,410.3518996465774,7.5,587.0,
2016-03-01,50.823150000000005,69.7,1.8,-3.1,0.9,104.8,100.7463,100.4718,96.5,99.8,99.5,100.31,1.0,39.07,-0.4838670976399962,0.317219890818245,439.74856712704616,7.4,635.0,
2016-04-01,51.0638,69.3,0.9,-3.5,1.3,105.1,100.8276,100.5291,97.8,101.8,99.7,100.4,0.1,42.25,-0.5522343585362565,0.2440611092817052,443.9209536597842,7.4,498.0,201976.0
2016-05-01,51.90895,68.8,1.5,-0.5,2.9,107.1,100.9179,100.6195,96.1,99.5,98.8,100.58,0.2,47.13,-0.5532161593697216,0.2306127021612375,437.14817948774856,7.2,531.0,
2016-06-01,51.63955,79.7,1.0,-3.4,2.3,105.4,100.9791,100.705,96.8,99.9,98.9,100.26,-0.3,48.48,-0.5804940938384141,0.0505879933163652,434.7327256636186,7.1,496.0,
2016-07-01,50.31255,77.5,2.3,-3.7,-0.3,103.8,100.9251,100.6858,96.7,100.1,99.4,100.76,0.5,45.07,-0.6584293916634452,-0.1023261957551502,444.009524390811,7.0,466.0,203780.0
2016-08-01,50.855700000000006,51.8,1.5,-0.8,0.9,104.2,100.8114,100.7531,97.1,101.3,100.9,100.88,0.1,46.14,-0.6483827438864718,-0.1175904722318874,450.0943484099015,6.8,456.0,
2016-09-01,51.0476,78.2,1.1,2.6,1.3,104.8,100.7952,100.9847,97.0,100.9,100.1,100.57,-0.3,46.19,-0.6672480355218788,-0.0744072569407834,451.29045382413,6.7,392.0,
2016-10-01,51.12035,79.6,1.7,2.5,1.4,105.7,100.8407,101.2484,97.5,100.9,100.2,100.83,0.3,49.73,-0.7241549096241202,-0.0298572260685881,453.9500005812872,6.6,392.0,205416.0
2016-11-01,51.71175,84.1,2.9,1.6,2.5,106.8,100.9235,101.3799,98.3,102.6,101.6,100.49,-0.3,46.44,-0.7911714409426195,0.254334739444696,450.801362471147,6.6,587.0,
2016-12-01,52.1743,93.5,2.0,3.0,3.3,108.9,101.0486,101.43,98.3,101.8,99.8,100.71,0.2,54.07,-0.8385550143820188,0.3494382294575109,472.96761939639134,6.4,410.0,
2017-01-01,52.3334,48.5,3.8,3.2,3.5,107.8,101.1668,101.5043,97.8,100.2,100.3,100.35,-0.4,54.89,-0.7890101938072784,0.3640814112969203,484.8677243319425,6.4,511.0,206634.0
2017-02-01,52.877,62.0,2.4,4.3,4.5,109.0,101.254,101.5814,98.6,101.1,100.1,101.09,0.7,55.49,-0.7854898647434105,0.3777005531301209,491.5054992675781,6.3,386.0,
2017-03-01,52.9094,78.5,2.4,5.3,4.5,110.2,101.3188,101.6433,98.6,102.4,100.9,101.44,0.3,51.97,-0.8572411545874685,0.4322822490378661,510.30565477454144,6.2,413.0,
2017-04-01,52.31535,69.7,3.0,1.3,3.3,107.9,101.3307,101.6278,98.9,102.2,100.1,101.98,0.5,52.98,-0.8221389722294031,0.375159560296908,517.1505584716797,6.1,363.0,207688.0
2017-05-01,53.20625,78.3,3.2,2.9,5.1,109.8,101.3125,101.5266,99.5,104.6,102.9,101.65,-0.3,50.87,-0.7395035341726242,0.4361671523184475,529.8240911310369,6.1,457.0,
2017-06-01,52.6142,83.6,3.2,4.7,3.9,109.2,101.3284,101.5479,99.7,103.0,101.4,101.37,-0.3,46.89,-0.7090472089652444,0.3697589063261164,520.810000332919,6.0,381.0,
2017-07-01,52.45675,80.3,2.7,4.6,3.6,109.3,101.3135,101.632,100.2,103.1,102.9,102.11,0.7,48.69,-0.6985018349455081,0.4770858328849726,519.2228553408668,5.9,346.0,209264.0
2017-08-01,53.3704,54.8,2.4,2.6,5.4,110.5,101.3408,101.6649,101.2,105.1,104.2,102.27,0.2,51.37,-0.7184652031524708,0.4502939666191167,521.8108666461447,5.7,385.0,
2017-09-01,53.4239,79.7,3.7,5.7,5.4,110.6,101.4478,101.6564,100.8,105.3,102.7,102.03,-0.2,55.16,-0.7620517222750303,0.4492324287092857,525.7300066266741,5.7,336.0,
2017-10-01,54.33095,86.8,1.2,3.2,7.1,111.4,101.5619,101.6928,100.8,103.5,103.5,102.17,0.1,57.62,-0.7653255027553595,0.4668686192545502,544.6304598721591,5.5,408.0,210586.0
2017-11-01,53.93795,92.3,2.7,3.7,6.2,111.4,101.6759,101.6533,102.7,106.2,104.3,102.0,-0.2,62.57,-0.7782172972211271,0.4310984240156425,545.1431829279119,5.4,344.0,
2017-12-01,54.41705,97.3,2.0,4.5,7.1,112.9,101.7341,101.6266,103.0,107.8,104.7,101.97,0.0,64.21,-0.8313961979356665,0.4200356305328433,547.0252589175576,5.4,290.0,
2018-01-01,54.74255,55.8,2.1,1.9,7.7,111.6,101.7851,101.5996,101.2,105.4,104.0,101.82,-0.1,68.99,-0.6346203914424913,0.6050138447294746,561.7690873579545,5.2,423.0,212093.0
2018-02-01,54.349050000000005,68.2,3.5,3.9,6.9,112.2,101.7981,101.5424,100.6,103.6,102.3,102.31,0.5,65.42,-0.6357243756093716,0.7693607890195006,533.0415069580079,5.1,302.0,
2018-03-01,53.46865,80.6,3.5,4.0,5.2,109.8,101.7373,101.5524,101.7,104.7,102.8,102.47,0.2,66.45,-0.6750442693140329,0.6431128107696699,530.1280953543527,5.0,361.0,
2018-04-01,54.1717,81.5,3.4,1.4,6.7,110.5,101.6434,101.5318,100.9,105.0,103.8,103.11,0.6,71.63,-0.6628036973031892,0.6226783719308486,547.0264953613281,4.9,336.0,213063.0
2018-05-01,53.4922,85.2,2.5,2.7,5.4,109.0,101.5844,101.4693,101.7,104.9,103.5,103.42,0.3,76.65,-0.6169170373156443,0.5808035872355742,561.4268216219815,4.9,391.0,
2018-06-01,52.4833,93.0,2.9,3.9,3.5,108.7,101.4666,101.4759,101.7,105.6,103.8,103.1,-0.3,75.19,-0.6211793907516867,0.4728820388919478,557.933337983631,4.9,324.0,
2018-07-01,52.66475,89.5,3.0,1.2,4.0,108.5,101.3295,101.467,100.7,104.6,104.4,104.28,1.1,74.44,-0.626734771254551,0.4305520781261155,562.864091352983,4.9,371.0,213608.0
2018-08-01,52.37965,60.7,2.9,1.0,3.5,109.1,101.2593,101.3458,101.8,105.1,103.9,104.4,0.1,73.13,-0.6251091887696599,0.3895496523706122,563.5191278872283,4.9,331.0,
2018-09-01,52.2139,86.9,2.1,-0.7,3.2,107.8,101.2278,101.1881,100.9,104.2,102.8,103.95,-0.4,78.86,-0.6178546264987153,0.4330339969112133,545.9449981689453,4.8,310.0,
2018-10-01,52.92035,98.0,2.5,-1.9,4.6,108.3,101.2407,100.9682,101.1,104.8,103.8,104.32,0.4,80.47,-0.6993934938357266,0.511390216417947,525.6286952806556,4.7,400.0,214201.0
2018-11-01,52.8457,101.9,2.6,-4.8,4.4,107.6,101.2914,100.6877,100.3,103.6,102.4,104.07,-0.2,65.17,-0.6987197110081671,0.443685350879779,521.6359072598544,4.6,350.0,
2018-12-01,52.30015,106.1,1.9,-8.3,3.3,104.8,101.3003,100.3469,100.4,104.7,104.6,103.97,-0.1,56.46,-0.7225043199750318,0.3800842579320532,498.6631566097862,4.6,327.0,
2019-01-01,52.4842,61.8,1.1,-7.5,3.7,107.2,101.2684,100.0503,101.5,104.8,104.0,104.05,0.1,59.27,-0.5953467632059884,0.2533570576091026,502.4509069269354,4.6,392.0,216872.0
2019-02-01,52.4264,78.1,0.4,-8.4,3.6,106.4,101.2528,99.92297,100.7,104.2,103.4,104.97,0.9,64.13,-0.5556586174992374,0.169632631899323,535.9449981689453,4.4,345.0,
2019-03-01,52.51275,89.0,1.1,-6.9,3.8,107.2,101.2255,99.89593,100.9,104.1,102.7,105.37,0.4,66.41,-0.5675430831883153,0.1074493526804183,543.0490490141369,4.4,357.0,
2019-04-01,51.72635,92.1,1.3,-8.3,2.3,105.1,101.1527,99.95044,100.9,103.0,102.8,106.08,0.7,71.2,-0.558158756299521,0.0571300843976256,563.9909973144531,4.3,419.0,217849.0
2019-05-01,50.60265,97.4,2.1,-5.7,0.2,103.6,101.0053,100.0135,101.3,103.9,103.3,105.94,-0.1,70.53,-0.5731688411258744,-0.0259757401753799,552.4454539905895,4.3,326.0,
2019-06-01,50.93205,90.9,1.1,-5.4,1.0,105.2,100.8641,100.1224,100.2,102.4,101.7,105.84,-0.1,63.3,-0.5766826106236005,-0.1161003167230924,554.593505859375,4.4,344.0,
2019-07-01,51.3154,97.7,0.9,-7.1,1.8,104.9,100.8308,100.1573,99.7,102.6,102.5,106.9,1.0,64.0,-0.6326991447361314,-0.2956703084859306,572.7521839971128,4.4,410.0,218847.0
2019-08-01,50.82005,64.0,0.9,-7.8,0.8,102.0,100.8401,100.1123,100.1,102.4,101.2,107.37,0.4,59.25,-0.7504313469677051,-0.5877229638871093,546.4136408025569,4.5,330.0,
2019-09-01,50.85925,97.9,1.6,-5.1,0.9,102.3,100.8185,100.1041,100.0,102.8,102.1,106.7,-0.6,62.33,-0.7324251621698971,-0.5575336446002654,572.5390479678199,4.5,342.0,
2019-10-01,50.35025,103.2,1.7,-6.2,-0.1,101.9,100.8005,100.1686,99.9,103.9,101.5,107.16,0.4,59.37,-0.6533341246145955,-0.4034899656043714,573.8260816491169,4.5,393.0,218971.0
2019-11-01,50.34665,103.4,1.5,-7.2,-0.1,101.7,100.7933,100.1672,99.4,102.0,101.6,106.73,-0.4,62.74,-0.6176214918407252,-0.2795733735052141,594.8599998837426,4.5,366.0,
2019-12-01,50.5052,108.0,2.7,-8.2,0.2,102.1,100.8104,100.1165,97.8,101.5,99.5,106.8,0.1,65.85,-0.641794167443453,-0.2487591013173533,601.8220001220703,4.3,354.0,
2020-01-01,50.91095,70.7,0.7,-5.5,1.1,103.7,100.7219,100.029,99.9,100.9,100.4,105.97,-0.8,63.6,-0.5908827203321392,-0.2400758787666771,608.4745455655185,4.1,345.0,216660.0
2020-02-01,49.0685,81.6,3.1,-8.3,-2.1,99.5,100.237,99.81753,100.1,101.7,100.7,106.64,0.6,55.0,-0.6060345566667544,-0.3163907370228386,607.7345001220704,4.0,373.0,
2020-03-01,33.870165,99.2,-7.2,-24.9,-31.3,59.8,99.04033,99.22251,88.3,90.5,89.0,106.85,0.2,32.98,-0.6710564660563403,-0.4255914012391109,473.93045182661575,4.1,365.0,
2020-04-01,34.658715,92.2,-17.4,-20.9,-28.1,63.8,97.41743,98.4321,72.8,70.5,75.6,107.34,0.5,23.34,-0.5877660359833088,-0.346381477922341,501.4039978027343,4.5,397.0,198603.0
2020-05-01,39.424715000000006,89.2,-11.6,-15.3,-18.1,75.9,96.94943,98.26823,82.4,79.0,81.5,107.18,-0.1,31.02,-0.5611584475316416,-0.4027747599882099,519.1840026855468,4.6,364.0,
2020-06-01,42.8757,99.9,-6.5,-13.6,-11.8,83.0,97.5514,98.551,89.0,88.1,88.9,107.51,0.3,39.93,-0.5596715640177259,-0.3459768349512954,558.50454157049,5.4,350.0,
2020-07-01,45.271325,98.6,-3.2,-14.1,-7.9,92.3,98.44265,98.84717,93.1,93.5,92.1,108.69,1.1,42.81,-0.583935503369925,-0.4318304290938609,569.829565960428,5.5,253.0,211590.0
2020-08-01,45.85745,64.8,-0.1,-13.0,-7.4,95.9,99.1149,99.00568,94.5,95.2,94.1,108.13,-0.5,44.26,-0.582443302375377,-0.4384950874920241,560.3380940755209,5.5,211.0,
2020-09-01,45.515055,99.8,-3.3,-14.8,-8.4,92.9,99.43011,99.11004,95.1,97.9,96.6,107.88,-0.2,41.09,-0.5977593688823188,-0.4616852180280162,548.5809048739346,5.4,291.0,
2020-10-01,46.380265,104.1,-4.2,-10.0,-6.8,94.5,99.56053,99.24667,97.6,99.5,96.9,108.47,0.5,40.47,-0.6780995021582948,-0.5447538335214376,556.0577253861861,5.3,222.0,212279.0
2020-11-01,48.376005,105.9,-7.1,-6.1,-3.0,98.1,99.75201,99.57596,98.2,100.1,98.2,107.61,-0.8,43.23,-0.6893481470257468,-0.547464419967242,591.9761904761905,5.0,232.0,
2020-12-01,49.0683,110.6,-10.8,-6.0,-1.9,98.7,100.0366,99.91795,97.6,100.4,97.6,107.85,0.2,49.87,-0.7448094322529225,-0.5606431484601501,619.1240900213069,4.9,229.0,
2021-01-01,48.9382,71.5,-11.9,-7.0,-2.4,97.3,100.2764,100.1245,99.6,98.7,96.2,107.62,-0.2,54.55,-0.6243356404509088,-0.5359750931203787,648.0844940185547,4.7,197.0,214460.0
2021-02-01,50.8537,79.3,-11.1,-2.9,1.2,102.0,100.5074,100.3074,98.0,98.4,96.5,108.57,0.9,61.96,-0.6175629809633347,-0.3790681622393103,664.7804992675781,4.7,162.0,
2021-03-01,52.37805,105.5,0.4,-0.7,3.9,104.7,100.8561,100.6315,99.5,101.1,100.1,108.87,0.3,65.19,-0.6122214050714159,-0.3002303568695446,679.2530464504076,4.6,223.0,
2021-04-01,53.5232,100.4,12.8,1.0,5.8,107.9,101.2464,101.0007,100.4,100.6,99.7,109.36,0.5,64.77,-0.632859506574287,-0.2472343842222356,711.2689971923828,4.5,182.0,222842.0
2021-05-01,54.99985,95.4,11.8,6.6,8.4,112.7,101.5997,101.3326,99.7,100.1,99.9,109.46,0.1,68.04,-0.6307647141361457,-0.1907172201200569,706.2933320545014,4.4,176.0,
2021-06-01,55.48455,111.4,8.0,0.0,9.1,113.4,101.8691,101.5111,100.5,100.2,99.7,109.67,0.2,73.07,-0.6440683636185452,-0.1907550195930905,726.0786382501775,4.2,185.0,
2021-07-01,54.54205,110.6,3.1,-1.9,7.1,111.2,101.9841,101.3028,100.9,99.8,98.5,110.23,0.5,74.39,-0.6542008052412259,-0.3491710377579508,737.8700006658381,4.1,143.0,226909.0
2021-08-01,55.29475,65.8,4.0,-0.4,8.6,112.5,101.9895,100.9973,99.2,99.0,98.6,110.71,0.4,70.02,-0.6561808995488363,-0.403221942368443,774.189999667081,4.2,151.0,
2021-09-01,55.720200000000006,106.3,5.3,-6.4,9.4,112.6,102.0404,100.6503,99.2,99.1,98.6,110.79,0.1,74.6,-0.6811770796995217,-0.2903754417595623,789.1368214000355,4.1,162.0,
2021-10-01,55.891200000000005,106.5,10.1,-13.4,9.7,110.6,102.0824,100.1121,100.5,100.0,100.9,112.18,1.3,83.65,-0.717091922274347,-0.1279672691673278,791.1061808268229,3.9,144.0,227000.0
2021-11-01,54.7683,117.6,10.7,-12.0,7.5,106.0,102.0366,99.5931,100.7,101.2,104.4,113.17,0.9,80.77,-0.8419641019319705,-0.2420746754219095,811.9290910200639,3.7,234.0,
2021-12-01,54.0914,129.7,5.9,-11.4,6.3,104.5,101.8828,99.32587,101.9,101.8,106.8,114.01,0.7,74.31,-0.7897334896715155,-0.3013617186253303,786.3678270422894,3.8,170.0,
2022-01-01,53.86865,71.2,12.0,-15.0,6.0,103.1,101.7373,99.07524,101.7,102.2,104.3,114.53,0.5,85.53,-0.738867852043969,-0.1831168593268314,773.961431594122,3.6,143.0,229861.0
2022-02-01,54.038250000000005,92.2,13.9,-23.2,6.4,104.1,101.6765,98.59573,101.5,101.6,103.4,115.27,0.6,95.76,-0.6988981844035391,0.2390810494048167,747.3084930419922,3.4,194.0,
2022-03-01,54.597,115.4,9.7,-26.7,7.5,104.3,101.694,97.96982,99.9,100.0,104.0,119.46,3.6,115.59,-0.7177010867446253,0.3637260443317034,703.3552166482676,3.3,207.0,
2022-04-01,53.95735,105.6,9.7,-22.6,6.2,103.0,101.7147,97.54676,101.1,101.3,106.3,119.81,0.3,105.78,-0.6520438673370311,0.8248492669802174,717.2710507041529,3.2,132.0,235310.0
2022-05-01,53.2698,112.3,6.2,-27.9,4.9,100.2,101.6396,97.38467,102.0,102.8,107.1,119.05,-0.6,112.37,-0.5700552350800934,0.9409905443151076,690.5059148615056,3.3,241.0,
2022-06-01,53.24905,122.1,5.2,-26.6,5.0,100.6,101.4981,97.16215,101.4,101.9,105.0,119.05,0.0,120.08,-0.4070822530082223,1.579682484829241,671.0659124200994,3.4,168.0,
2022-07-01,51.90945,119.1,2.6,-28.9,2.5,95.7,101.3189,96.93948,100.7,101.0,104.8,121.57,2.1,108.92,-0.205576763260519,1.2297545839538135,683.4523722330729,3.6,162.0,235600.0
2022-08-01,50.83365,72.5,2.0,-36.0,0.6,91.6,101.0673,96.60666,101.4,103.8,109.2,123.95,2.0,98.6,-0.0237659557819744,1.1676618854426133,718.1243498429009,3.8,195.0,
2022-09-01,50.370250000000006,116.3,1.9,-32.5,-0.1,91.5,100.8405,96.29606,102.7,105.3,108.1,126.89,2.4,90.16,0.3541544599832692,1.863591984003759,664.5440895774148,3.8,181.0,
2022-10-01,50.6631,120.8,0.0,-29.5,0.6,92.4,100.7262,96.37906,101.4,103.5,105.3,128.25,1.1,93.13,0.5888862231307475,2.08285888236368,651.7552432105655,3.7,242.0,235120.0
2022-11-01,50.8657,130.4,2.3,-25.0,1.0,94.0,100.7314,96.75368,101.9,103.2,104.5,124.35,-3.0,91.07,1.2909455144053112,2.1671464570755137,701.08090764826,3.6,299.0,
2022-12-01,50.843300000000006,141.4,8.7,-24.0,0.9,94.6,100.7866,97.2585,100.9,101.0,103.4,124.94,0.5,80.9,1.60791455280834,2.166428914192546,712.5200049990699,3.5,268.0,
2023-01-01,51.01745,80.7,4.8,-18.6,1.2,97.5,100.8349,97.73637,100.9,100.0,102.3,123.21,-1.4,83.09,1.873517851712749,2.218343647147296,736.680458762429,3.6,282.0,233823.0
2023-02-01,51.2277,103.7,1.9,-17.4,1.6,98.2,100.8554,98.18732,102.1,100.5,101.2,124.45,1.0,82.71,2.488832256581218,2.457502992663582,757.7174926757813,3.5,289.0,
2023-03-01,50.3074,127.5,1.6,-16.9,-0.2,96.6,100.8148,98.43682,101.1,100.4,99.0,124.72,0.2,78.53,2.7235541799459946,2.4680239816480705,741.8743471891984,3.5,238.0,
2023-04-01,49.78905,109.6,0.5,-19.6,-1.1,95.0,100.6781,98.47397,99.9,98.3,100.8,126.01,1.0,84.11,2.7909258129133088,2.469183164628725,758.9438849555122,3.4,243.0,232983.0
2023-05-01,49.30625,122.5,0.0,-19.0,-1.9,94.3,100.5125,98.37738,100.9,101.0,103.0,126.26,0.2,75.7,3.000976289231826,2.454777262513019,755.3268099698154,3.5,329.0,
2023-06-01,48.67055,134.5,0.5,-18.7,-3.0,93.2,100.3411,98.33652,100.4,99.6,100.1,125.83,-0.3,74.89,3.2652745915772727,2.4779579976772728,764.0559054287997,3.5,313.0,
2023-07-01,47.83375,127.0,-0.5,-16.9,-4.5,93.3,100.1675,98.3683,98.9,98.8,100.9,127.13,1.0,80.1,3.3621330716433984,2.516939760426732,773.182861328125,3.6,267.0,231522.0
2023-08-01,47.66065,80.6,0.7,-17.9,-4.7,93.5,100.0213,98.44562,98.5,99.2,99.6,127.7,0.4,86.163,3.468141963947826,2.6460498269478263,755.1239146356997,3.6,335.0,
2023-09-01,47.67967,119.2,-0.3,-17.8,-4.6,93.4,99.95934,98.50943,98.2,97.2,96.4,127.16,-0.4,94.0,3.578290195766667,2.7640519589666668,736.0380946568081,3.7,302.0,
2023-10-01,48.480115,130.8,2.3,-14.5,-3.0,96.1,99.96023,98.6545,98.3,98.0,97.5,127.73,0.4,91.061,3.670205173062879,2.836257415051515,725.7354542125355,3.6,356.0,232126.0
2023-11-01,46.985475,132.0,0.2,-11.4,-6.0,94.9,99.97095,98.91946,98.4,98.3,96.4,126.4,-1.0,83.183,3.759997330438096,2.6706790611380957,751.8777216131037,3.5,317.0,
2023-12-01,47.860775,139.8,-0.1,-13.4,-4.2,96.8,99.92155,99.15627,99.1,98.0,97.5,126.45,0.0,77.858,3.752058529831579,2.195648382073684,784.4426333778783,3.6,327.0,
2024-01-01,47.974985,82.4,0.9,-12.0,-4.0,98.5,99.94997,99.26228,97.8,97.5,93.7,127.11,0.5,80.227,3.854876121022728,2.289032500304545,789.4613619717685,3.6,474.0,232271.0
2024-02-01,47.74804,106.3,0.4,-10.0,-4.5,97.5,99.99608,99.3671,98.1,97.8,97.1,127.95,0.7,83.764,3.8464356552761902,2.4305051047666666,844.6509544735864,3.7,350.0,
2024-03-01,48.47795,122.7,0.7,-11.5,-3.1,98.2,100.0559,99.44902,97.5,96.5,95.8,128.58,0.5,85.447,3.806018186585,2.414793738,863.8430023193359,3.6,345.0,
2024-04-01,48.98345,124.6,0.5,-11.3,-2.2,99.4,100.1669,99.43475,98.1,98.6,97.7,129.42,0.7,90.054,3.7426665341714287,2.534641565195238,877.5642845517114,3.7,427.0,234846.0
2024-05-01,49.13485,124.1,0.3,-12.0,-2.0,99.9,100.2697,99.4098,97.1,96.2,96.4,129.69,0.2,81.995,3.673475741577272,2.587607648240909,906.5559137517756,3.6,343.0,
2024-06-01,48.8583,125.3,-1.0,-11.0,-2.6,99.8,100.3166,99.41349,97.5,95.8,94.9,129.91,0.2,82.555,3.596342099706136,2.5681508674004547,922.6939971923828,3.6,377.0,
2024-07-01,49.1553,131.4,1.1,-10.5,-2.0,100.6,100.3106,99.49319,96.9,96.1,95.6,131.82,1.5,85.296,3.413540882221739,2.5049351273304348,922.418255349864,3.6,499.0,236112.0
2024-08-01,48.8948,84.1,1.1,-7.8,-2.5,101.2,100.2896,99.59827,97.5,96.4,97.4,132.24,0.3,80.863,3.300112013809091,2.325702978422727,897.6604503284801,3.7,330.0,
2024-09-01,48.1689,122.2,1.9,-11.3,-3.9,99.0,100.2378,99.64661,96.7,97.0,96.6,131.61,-0.5,74.293,3.283134391437879,2.308275454973268,899.7957066127232,3.7,374.0,
2024-10-01,48.85095,140.0,0.3,-13.2,-2.5,100.3,100.2019,99.49253,96.8,95.7,97.3,132.26,0.5,75.662,2.990661941556521,2.3619381137,902.5704345703124,3.7,407.0,237229.0
2024-11-01,49.2317,139.5,0.5,-12.7,-1.8,100.3,100.2634,99.28769,97.0,95.5,95.8,131.48,-0.6,74.395,2.8329658231952384,2.409980437709524,873.173328218006,3.7,348.0,
2024-12-01,49.32765,144.4,1.2,-14.6,-1.7,99.4,100.3553,99.10903,96.2,94.9,94.2,131.63,0.1,73.833,2.7278807460528824,2.3474384999073936,886.709994506836,3.7,385.0,
2025-01-01,49.6102,94.8,1.4,-16.9,-1.2,100.2,100.4204,98.88596,97.1,95.5,95.3,131.35,-0.2,,2.5751196135590906,2.599330057763636,900.667275168679,3.8,346.0,238017.0
2025-02-01,49.6223,111.6,2.0,-17.2,-1.2,100.2,100.4446,98.65208,97.8,96.4,96.4,132.8,1.1,,2.4563346508595454,2.5520408578493177,933.451498413086,3.8,375.0,
2025-03-01,48.79605,127.0,1.5,-19.3,-2.8,97.7,100.3921,98.49055,99.0,97.7,96.5,133.33,0.4,,2.2953485648133336,2.674071839224643,910.979044596354,3.9,292.0,
2025-04-01,48.4298,131.7,0.5,-17.5,-3.4,97.0,100.2596,98.4173,97.8,95.5,96.4,134.72,1.0,,2.041830177215,2.636305432125,854.2535003662109,3.8,426.0,238762.0
2025-05-01,47.96445,129.9,1.0,-16.0,-4.2,97.3,100.1289,98.51324,97.6,96.6,97.5,134.0,-0.5,,1.9327382541523808,2.6723848895523807,918.8895263671876,3.8,346.0,
2025-06-01,47.674,133.1,1.3,-14.1,-4.7,97.1,100.048,98.69065,98.0,95.9,98.7,133.96,0.0,,1.8940912094238096,2.6516087591714284,921.9680931454614,3.8,321.0,
2025-07-01,48.8339,138.6,1.3,-14.5,-2.4,100.7,100.0678,98.86035,98.3,96.5,98.9,135.69,1.3,,1.8505646534608693,2.73150505932174,912.2008640455164,3.8,384.0,239963.0
2025-08-01,49.0986,86.8,1.4,-14.0,-2.0,100.0,100.1972,98.97342,97.0,96.0,98.0,135.99,0.2,,1.899457199909524,2.7777224159666667,898.2804768880209,3.9,315.0,
2025-09-01,49.352450000000005,133.5,0.7,-11.9,-1.6,100.2,100.3049,99.1292,,,,135.92,-0.1,,1.939763055209091,2.7863597789,916.4722733931108,4.0,349.0,
2025-10-01,48.9756,150.2,0.9,-8.3,-2.4,99.9,100.3512,99.4038,,,,136.38,0.3,,1.9108194041521736,2.712591248882609,963.6517387058424,4.0,276.0,
2025-11-01,49.57155,,0.5,-9.8,-1.2,100.4,100.3431,99.76732,,,,135.26,-0.8,,1.9168060093985868,2.736473965613804,949.7135040283204,4.0,333.0,
2025-12-01,,,,,,,,,,,,,0.0,,1.9609208381238097,2.924444595204762,944.2923874627976,,,
2026-01-01,,,,,,,,,,,,,,,1.965088147525,2.94100702005,977.71201171875,,,
